caseName,gene,driverRole,driverInterp,hotspot,biallelic,effects,codingEffect,proteinImpact,codingImpact,codon,hrdStatus,isHrdDrivingGen
ABL1 Arg608His,ABL1,ONCOGENIC,LOW,NON_HOTSPOT,false,MISSENSE,MISSENSE,p.Arg608His,c.1823G>A,608,null,false
ABL1 Asn831Lys,ABL1,ONCOGENIC,LOW,NON_HOTSPOT,false,MISSENSE,MISSENSE,p.Asn831Lys,c.2493C>A,831,null,false
ABL2 Arg755His,ABL2,ONCOGENIC,LOW,NON_HOTSPOT,false,MISSENSE,MISSENSE,p.Arg755His,c.2264G>A,755,null,false
ABL2 Asn47Ser,ABL2,ONCOGENIC,LOW,NON_HOTSPOT,false,MISSENSE,MISSENSE,p.Asn47Ser,c.140A>G,47,null,false
ACVR1B Ser8Ala,ACVR1B,TUMOR_SUPPRESSOR,MEDIUM,NON_HOTSPOT,false,MISSENSE,MISSENSE,p.Ser8Ala,c.22T>G,8,null,false
ACVR1B Gly216Val,ACVR1B,TUMOR_SUPPRESSOR,MEDIUM,NON_HOTSPOT,false,MISSENSE,MISSENSE,p.Gly216Val,c.647G>T,216,null,false
ACVR1B Glu247Lys,ACVR1B,TUMOR_SUPPRESSOR,LOW,NON_HOTSPOT,false,MISSENSE,MISSENSE,p.Glu247Lys,c.739G>A,247,null,false
AKT1 Glu40Lys,AKT1,ONCOGENIC,MEDIUM,NON_HOTSPOT,false,MISSENSE,MISSENSE,p.Glu40Lys,c.118G>A,40,null,false
AKT3 Leu51Arg,AKT3,ONCOGENIC,MEDIUM,NON_HOTSPOT,false,MISSENSE,MISSENSE,p.Leu51Arg,c.152T>G,51,null,false
ALK Lys1525del,ALK,ONCOGENIC,HIGH,NON_HOTSPOT,true,INFRAME_DELETION,MISSENSE,p.Lys1525del,c.4573_4575delAAG,1524,null,false
ALK Ala1396Thr,ALK,ONCOGENIC,MEDIUM,NON_HOTSPOT,true,MISSENSE,MISSENSE,p.Ala1396Thr,c.4186G>A,1396,null,false
ALK His682Asn,ALK,ONCOGENIC,LOW,NON_HOTSPOT,false,MISSENSE,MISSENSE,p.His682Asn,c.2044C>A,682,null,false
ALK Gly667Arg,ALK,ONCOGENIC,MEDIUM,NON_HOTSPOT,true,MISSENSE,MISSENSE,p.Gly667Arg,c.1999G>A,667,null,false
ALK Arg510Gln,ALK,ONCOGENIC,LOW,NON_HOTSPOT,true,MISSENSE,MISSENSE,p.Arg510Gln,c.1529G>A,510,null,false
ALK Ser78Trp,ALK,ONCOGENIC,MEDIUM,NON_HOTSPOT,true,MISSENSE,MISSENSE,p.Ser78Trp,c.233C>G,78,null,false
ALOX12B Pro684Ala,ALOX12B,TUMOR_SUPPRESSOR,LOW,NON_HOTSPOT,true,MISSENSE,MISSENSE,p.Pro684Ala,c.2050C>G,684,null,false
ANKRD26 Gly1386Arg,ANKRD26,TUMOR_SUPPRESSOR,MEDIUM,NON_HOTSPOT,false,MISSENSE,MISSENSE,p.Gly1386Arg,c.4156G>A,1386,null,false
ANKRD26 Ala1299Val,ANKRD26,TUMOR_SUPPRESSOR,MEDIUM,NON_HOTSPOT,false,MISSENSE,MISSENSE,p.Ala1299Val,c.3896C>T,1299,null,false
ANKRD26 Ser214Asn,ANKRD26,TUMOR_SUPPRESSOR,MEDIUM,NON_HOTSPOT,false,MISSENSE,MISSENSE,p.Ser214Asn,c.641G>A,214,null,false
APC Leu548Val,APC,TUMOR_SUPPRESSOR,MEDIUM,NON_HOTSPOT,false,MISSENSE,MISSENSE,p.Leu548Val,c.1642T>G,548,null,false
APC Lys581fs,APC,TUMOR_SUPPRESSOR,HIGH,NON_HOTSPOT,true,FRAMESHIFT,NONSENSE_OR_FRAMESHIFT,p.Lys581fs,c.1742delA,579,null,false
APC Tyr622His,APC,TUMOR_SUPPRESSOR,HIGH,NON_HOTSPOT,false,MISSENSE,MISSENSE,p.Tyr622His,c.1864T>C,622,null,false
APC Asn813fs,APC,TUMOR_SUPPRESSOR,HIGH,NON_HOTSPOT,false,FRAMESHIFT,NONSENSE_OR_FRAMESHIFT,p.Asn813fs,c.2438dupA,812,null,false
APC Glu1309fs,APC,TUMOR_SUPPRESSOR,HIGH,HOTSPOT,false,FRAMESHIFT,NONSENSE_OR_FRAMESHIFT,p.Glu1309fs,c.3926_3930delAAAAG,1307,null,false
APC Val1352Ala,APC,TUMOR_SUPPRESSOR,HIGH,NEAR_HOTSPOT,true,MISSENSE,MISSENSE,p.Val1352Ala,c.4055T>C,1352,null,false
APC Arg1463fs,APC,TUMOR_SUPPRESSOR,HIGH,HOTSPOT,false,FRAMESHIFT,NONSENSE_OR_FRAMESHIFT,p.Arg1463fs,c.4389_4392delAGAG,1462,null,false
APC Ser1465fs,APC,TUMOR_SUPPRESSOR,MEDIUM,NEAR_HOTSPOT,false,FRAMESHIFT,NONSENSE_OR_FRAMESHIFT,p.Ser1465fs,c.4392delG,1464,null,false
APC Gln1625*,APC,TUMOR_SUPPRESSOR,HIGH,NON_HOTSPOT,false,STOP_GAINED,NONSENSE_OR_FRAMESHIFT,p.Gln1625*,c.4873C>T,1625,null,false
APC Ala1907Ser,APC,TUMOR_SUPPRESSOR,MEDIUM,NON_HOTSPOT,false,MISSENSE,MISSENSE,p.Ala1907Ser,c.5719G>T,1907,null,false
APC Asp2490Asn,APC,TUMOR_SUPPRESSOR,MEDIUM,NON_HOTSPOT,false,MISSENSE,MISSENSE,p.Asp2490Asn,c.7468G>A,2490,null,false
APC Asp2490Asn,APC,TUMOR_SUPPRESSOR,MEDIUM,NON_HOTSPOT,true,MISSENSE,MISSENSE,p.Asp2490Asn,c.7468G>A,2490,null,false
APC Ser2797Gly,APC,TUMOR_SUPPRESSOR,MEDIUM,NON_HOTSPOT,false,MISSENSE,MISSENSE,p.Ser2797Gly,c.8389A>G,2797,null,false
ARFRP1 Leu82Met,ARFRP1,TUMOR_SUPPRESSOR,LOW,NON_HOTSPOT,false,MISSENSE,MISSENSE,p.Leu82Met,c.244C>A,82,null,false
ARID1A Met50Val,ARID1A,TUMOR_SUPPRESSOR,MEDIUM,NON_HOTSPOT,true,MISSENSE,MISSENSE,p.Met50Val,c.148A>G,50,null,false
ARID1A Gln185fs,ARID1A,TUMOR_SUPPRESSOR,HIGH,NON_HOTSPOT,true,FRAMESHIFT,NONSENSE_OR_FRAMESHIFT,p.Gln185fs,c.552_583delGCAGAGCGGCGGCGGCGGGGGCCTGGAGCCCT,183,null,false
ARID1A Ala245fs,ARID1A,TUMOR_SUPPRESSOR,HIGH,NON_HOTSPOT,false,FRAMESHIFT,NONSENSE_OR_FRAMESHIFT,p.Ala245fs,c.732_747delGGCGGCTGCCGGCTCC,244,null,false
ARID1A Ser334*,ARID1A,TUMOR_SUPPRESSOR,HIGH,NON_HOTSPOT,false,STOP_GAINED,NONSENSE_OR_FRAMESHIFT,p.Ser334*,c.1001C>A,334,null,false
ARID1A Val661Leu,ARID1A,TUMOR_SUPPRESSOR,MEDIUM,NON_HOTSPOT,true,MISSENSE,MISSENSE,p.Val661Leu,c.1981G>T,661,null,false
ARID1A Ala707Thr,ARID1A,TUMOR_SUPPRESSOR,MEDIUM,NON_HOTSPOT,false,MISSENSE,MISSENSE,p.Ala707Thr,c.2119G>A,707,null,false
ARID1A Ser711*,ARID1A,TUMOR_SUPPRESSOR,MEDIUM,NON_HOTSPOT,false,STOP_GAINED,NONSENSE_OR_FRAMESHIFT,p.Ser711*,c.2132C>G,711,null,false
ARID1A Ser733*,ARID1A,TUMOR_SUPPRESSOR,HIGH,NON_HOTSPOT,false,STOP_GAINED,NONSENSE_OR_FRAMESHIFT,p.Ser733*,c.2198C>A,733,null,false
ARID1A Asn865Ser,ARID1A,TUMOR_SUPPRESSOR,MEDIUM,NON_HOTSPOT,false,MISSENSE,MISSENSE,p.Asn865Ser,c.2594A>G,865,null,false
ARID1A Glu896*,ARID1A,TUMOR_SUPPRESSOR,HIGH,NON_HOTSPOT,true,STOP_GAINED,NONSENSE_OR_FRAMESHIFT,p.Glu896*,c.2686G>T,896,null,false
ARID1A Glu992fs,ARID1A,TUMOR_SUPPRESSOR,HIGH,NON_HOTSPOT,false,FRAMESHIFT,NONSENSE_OR_FRAMESHIFT,p.Glu992fs,c.2973delA,991,null,false
ARID1A Gln1212*,ARID1A,TUMOR_SUPPRESSOR,HIGH,NON_HOTSPOT,true,STOP_GAINED,NONSENSE_OR_FRAMESHIFT,p.Gln1212*,c.3634C>T,1212,null,false
ARID1A Met1224Val,ARID1A,TUMOR_SUPPRESSOR,LOW,NON_HOTSPOT,false,MISSENSE,MISSENSE,p.Met1224Val,c.3670A>G,1224,null,false
ARID1A Met1310fs,ARID1A,TUMOR_SUPPRESSOR,HIGH,NON_HOTSPOT,false,FRAMESHIFT,NONSENSE_OR_FRAMESHIFT,p.Met1310fs,c.3930_3934delGCCTT,1310,null,false
ARID1A Lys1370fs,ARID1A,TUMOR_SUPPRESSOR,LOW,NON_HOTSPOT,false,FRAMESHIFT,NONSENSE_OR_FRAMESHIFT,p.Lys1370fs,c.4109delA,1369,null,false
ARID1A Gln1614*,ARID1A,TUMOR_SUPPRESSOR,HIGH,NON_HOTSPOT,true,STOP_GAINED,NONSENSE_OR_FRAMESHIFT,p.Gln1614*,c.4840C>T,1614,null,false
ARID1A Thr1743Met,ARID1A,TUMOR_SUPPRESSOR,HIGH,NON_HOTSPOT,false,MISSENSE,MISSENSE,p.Thr1743Met,c.5228C>T,1743,null,false
ARID1A Glu1774_Glu1777del,ARID1A,TUMOR_SUPPRESSOR,HIGH,NON_HOTSPOT,false,INFRAME_DELETION,MISSENSE,p.Glu1774_Glu1777del,c.5330_5341delAAGAAGAGGAAG,1773,null,false
ARID1A Phe1939fs,ARID1A,TUMOR_SUPPRESSOR,HIGH,NON_HOTSPOT,false,FRAMESHIFT,NONSENSE_OR_FRAMESHIFT,p.Phe1939fs,c.5814dupA,1937,null,false
ARID1A Thr2030Ile,ARID1A,TUMOR_SUPPRESSOR,MEDIUM,NON_HOTSPOT,false,MISSENSE,MISSENSE,p.Thr2030Ile,c.6089C>T,2030,null,false
ARID1B Lys26Gln,ARID1B,TUMOR_SUPPRESSOR,LOW,NON_HOTSPOT,true,MISSENSE,MISSENSE,p.Lys26Gln,c.76A>C,26,null,false
ARID1B His84_His85dup,ARID1B,TUMOR_SUPPRESSOR,HIGH,NON_HOTSPOT,true,INFRAME_INSERTION,MISSENSE,p.His84_His85dup,c.262_267dupCACCAC,83,null,false
ARID1B Gln124_Gln125insGluGln,ARID1B,TUMOR_SUPPRESSOR,LOW,NON_HOTSPOT,false,INFRAME_INSERTION,MISSENSE,p.Gln124_Gln125insGluGln,c.372_373insAGCAGG,123,null,false
ARID1B Gly264Arg,ARID1B,TUMOR_SUPPRESSOR,LOW,NON_HOTSPOT,false,MISSENSE,MISSENSE,p.Gly264Arg,c.790G>A,264,null,false
ARID1B Gly300Ser,ARID1B,TUMOR_SUPPRESSOR,LOW,NON_HOTSPOT,false,MISSENSE,MISSENSE,p.Gly300Ser,c.898G>A,300,null,false
ARID1B Ala363Val,ARID1B,TUMOR_SUPPRESSOR,LOW,NON_HOTSPOT,true,MISSENSE,MISSENSE,p.Ala363Val,c.1088C>T,363,null,false
ARID1B Ala470Ser,ARID1B,TUMOR_SUPPRESSOR,LOW,NON_HOTSPOT,false,MISSENSE,MISSENSE,p.Ala470Ser,c.1407_1408delGGinsCT,469,null,false
ARID1B Asn714Ile,ARID1B,TUMOR_SUPPRESSOR,LOW,NON_HOTSPOT,false,MISSENSE,MISSENSE,p.Asn714Ile,c.2141A>T,714,null,false
ARID1B Gly922Arg,ARID1B,TUMOR_SUPPRESSOR,LOW,NON_HOTSPOT,true,MISSENSE,MISSENSE,p.Gly922Arg,c.2764G>C,922,null,false
ARID1B Met935Leu,ARID1B,TUMOR_SUPPRESSOR,LOW,NON_HOTSPOT,true,MISSENSE,MISSENSE,p.Met935Leu,c.2803A>T,935,null,false
ARID1B Asn955fs,ARID1B,TUMOR_SUPPRESSOR,LOW,NON_HOTSPOT,false,FRAMESHIFT,NONSENSE_OR_FRAMESHIFT,p.Asn955fs,c.2861_2862insT,954,null,false
ARID1B Val1703fs,ARID1B,TUMOR_SUPPRESSOR,HIGH,NON_HOTSPOT,true,FRAMESHIFT,NONSENSE_OR_FRAMESHIFT,p.Val1703fs,c.5106_5112delAGTGGGA,1701,null,false
ARID1B Glu1748Lys,ARID1B,TUMOR_SUPPRESSOR,LOW,NON_HOTSPOT,false,MISSENSE,MISSENSE,p.Glu1748Lys,c.5242G>A,1748,null,false
ARID1B Ile2044fs,ARID1B,TUMOR_SUPPRESSOR,HIGH,NON_HOTSPOT,false,FRAMESHIFT,NONSENSE_OR_FRAMESHIFT,p.Ile2044fs,c.6130_6139delATCTGCTTGC,2043,null,false
ARID2 Asn687Lys,ARID2,TUMOR_SUPPRESSOR,HIGH,NON_HOTSPOT,false,MISSENSE,MISSENSE,p.Asn687Lys,c.2061T>G,687,null,false
ARID2 Ala1219Val,ARID2,TUMOR_SUPPRESSOR,HIGH,NON_HOTSPOT,false,MISSENSE,MISSENSE,p.Ala1219Val,c.3656C>T,1219,null,false
ARID2 Gln1221Glu,ARID2,TUMOR_SUPPRESSOR,LOW,NON_HOTSPOT,false,MISSENSE,MISSENSE,p.Gln1221Glu,c.3661C>G,1221,null,false
ARID2 Met1393Arg,ARID2,TUMOR_SUPPRESSOR,MEDIUM,NON_HOTSPOT,false,MISSENSE,MISSENSE,p.Met1393Arg,c.4178T>G,1393,null,false
ARID5B Lys629Thr,ARID5B,ONCOGENIC,LOW,NON_HOTSPOT,false,MISSENSE,MISSENSE,p.Lys629Thr,c.1886A>C,629,null,false
ARID5B Gly1065Arg,ARID5B,ONCOGENIC,LOW,NON_HOTSPOT,true,MISSENSE,MISSENSE,p.Gly1065Arg,c.3193G>A,1065,null,false
ASXL1 Pro229Leu,ASXL1,TUMOR_SUPPRESSOR,MEDIUM,NON_HOTSPOT,true,MISSENSE,MISSENSE,p.Pro229Leu,c.686C>T,229,null,false
ASXL1 Ser392*,ASXL1,TUMOR_SUPPRESSOR,HIGH,NON_HOTSPOT,false,STOP_GAINED,NONSENSE_OR_FRAMESHIFT,p.Ser392*,c.1175C>G,392,null,false
ASXL1 Pro464fs,ASXL1,TUMOR_SUPPRESSOR,HIGH,NON_HOTSPOT,false,FRAMESHIFT,NONSENSE_OR_FRAMESHIFT,p.Pro464fs,c.1392dupA,464,null,false
ASXL1 Pro464His,ASXL1,TUMOR_SUPPRESSOR,HIGH,NON_HOTSPOT,false,MISSENSE,MISSENSE,p.Pro464His,c.1391C>A,464,null,false
ASXL1 Gly646fs,ASXL1,TUMOR_SUPPRESSOR,HIGH,NON_HOTSPOT,false,FRAMESHIFT,NONSENSE_OR_FRAMESHIFT,p.Gly646fs,c.1935_1948delTGGCCCGGGTGGAG,645,null,false
ASXL1 Gly650Tyr,ASXL1,TUMOR_SUPPRESSOR,HIGH,NON_HOTSPOT,false,MISSENSE,MISSENSE,p.Gly650Tyr,c.1948_1949delGGinsTA,650,null,false
ASXL1 Ala1206Glu,ASXL1,TUMOR_SUPPRESSOR,MEDIUM,NON_HOTSPOT,false,MISSENSE,MISSENSE,p.Ala1206Glu,c.3617C>A,1206,null,false
ASXL1 Pro1322Leu,ASXL1,TUMOR_SUPPRESSOR,LOW,NON_HOTSPOT,false,MISSENSE,MISSENSE,p.Pro1322Leu,c.3965C>T,1322,null,false
ATM Glu26Asp,ATM,TUMOR_SUPPRESSOR,MEDIUM,NON_HOTSPOT,false,MISSENSE,MISSENSE,p.Glu26Asp,c.78A>T,26,null,false
ATM Asp317Asn,ATM,TUMOR_SUPPRESSOR,MEDIUM,NON_HOTSPOT,false,MISSENSE,MISSENSE,p.Asp317Asn,c.949G>A,317,null,false
ATM Arg337His,ATM,TUMOR_SUPPRESSOR,HIGH,NON_HOTSPOT,true,MISSENSE,MISSENSE,p.Arg337His,c.1010G>A,337,null,false
ATM Leu345*,ATM,TUMOR_SUPPRESSOR,HIGH,NON_HOTSPOT,true,STOP_GAINED,NONSENSE_OR_FRAMESHIFT,p.Leu345*,c.1034T>A,345,null,false
ATM Gln401*,ATM,TUMOR_SUPPRESSOR,HIGH,NON_HOTSPOT,true,STOP_GAINED,NONSENSE_OR_FRAMESHIFT,p.Gln401*,c.1201C>T,401,null,false
ATM Met563Arg,ATM,TUMOR_SUPPRESSOR,HIGH,NON_HOTSPOT,true,MISSENSE,MISSENSE,p.Met563Arg,c.1688T>G,563,null,false
ATM Glu668Gln,ATM,TUMOR_SUPPRESSOR,HIGH,NON_HOTSPOT,false,MISSENSE,MISSENSE,p.Glu668Gln,c.2002G>C,668,null,false
ATM Ala1089Ser,ATM,TUMOR_SUPPRESSOR,HIGH,NON_HOTSPOT,false,MISSENSE,MISSENSE,p.Ala1089Ser,c.3265G>T,1089,null,false
ATM Leu1206fs,ATM,TUMOR_SUPPRESSOR,HIGH,NON_HOTSPOT,false,FRAMESHIFT,NONSENSE_OR_FRAMESHIFT,p.Leu1206fs,c.3617_3620dupCGTT,1204,null,false
ATM Leu1322Ile,ATM,TUMOR_SUPPRESSOR,MEDIUM,NON_HOTSPOT,false,MISSENSE,MISSENSE,p.Leu1322Ile,c.3964C>A,1322,null,false
ATM Lys1435Gln,ATM,TUMOR_SUPPRESSOR,HIGH,NON_HOTSPOT,true,MISSENSE,MISSENSE,p.Lys1435Gln,c.4303A>C,1435,null,false
ATM Asp2551Gly,ATM,TUMOR_SUPPRESSOR,MEDIUM,NON_HOTSPOT,false,MISSENSE,MISSENSE,p.Asp2551Gly,c.7652A>G,2551,null,false
ATM Arg2613Lys,ATM,TUMOR_SUPPRESSOR,HIGH,NON_HOTSPOT,false,MISSENSE,MISSENSE,p.Arg2613Lys,c.7838G>A,2613,null,false
ATM Thr2743Met,ATM,TUMOR_SUPPRESSOR,HIGH,NON_HOTSPOT,true,MISSENSE,MISSENSE,p.Thr2743Met,c.8228C>T,2743,null,false
ATM Gly3029Asp,ATM,TUMOR_SUPPRESSOR,HIGH,NON_HOTSPOT,false,MISSENSE,MISSENSE,p.Gly3029Asp,c.9086G>A,3029,null,false
ATR Ile2164Met,ATR,TUMOR_SUPPRESSOR,LOW,NON_HOTSPOT,false,MISSENSE,MISSENSE,p.Ile2164Met,c.6492A>G,2164,null,false
ATR Val1980Ile,ATR,TUMOR_SUPPRESSOR,LOW,NON_HOTSPOT,false,MISSENSE,MISSENSE,p.Val1980Ile,c.5938G>A,1980,null,false
ATR Phe926fs,ATR,TUMOR_SUPPRESSOR,HIGH,NON_HOTSPOT,true,FRAMESHIFT,NONSENSE_OR_FRAMESHIFT,p.Phe926fs,c.2777delT,926,null,false
ATR Lys542Glu,ATR,TUMOR_SUPPRESSOR,LOW,NON_HOTSPOT,true,MISSENSE,MISSENSE,p.Lys542Glu,c.1624A>G,542,null,false
ATR Leu462Val,ATR,TUMOR_SUPPRESSOR,LOW,NON_HOTSPOT,false,MISSENSE,MISSENSE,p.Leu462Val,c.1384T>G,462,null,false
ATRX Ile1049*,ATRX,TUMOR_SUPPRESSOR,HIGH,NON_HOTSPOT,true,STOP_GAINED|FRAMESHIFT,NONSENSE_OR_FRAMESHIFT,p.Ile1049*,c.3145delA,1048,null,false
ATRX Ser748Tyr,ATRX,TUMOR_SUPPRESSOR,MEDIUM,NON_HOTSPOT,false,MISSENSE,MISSENSE,p.Ser748Tyr,c.2243C>A,748,null,false
ATRX Gln545fs,ATRX,TUMOR_SUPPRESSOR,HIGH,NON_HOTSPOT,true,FRAMESHIFT,NONSENSE_OR_FRAMESHIFT,p.Gln545fs,c.1634_1637delAAGG,545,null,false
ATRX Asp106Tyr,ATRX,TUMOR_SUPPRESSOR,LOW,NON_HOTSPOT,false,MISSENSE,MISSENSE,p.Asp106Tyr,c.316G>T,106,null,false
AURKA Gln402His,AURKA,TUMOR_SUPPRESSOR,LOW,NON_HOTSPOT,false,MISSENSE,MISSENSE,p.Gln402His,c.1206G>T,402,null,false
AURKB Gly63Glu,AURKB,TUMOR_SUPPRESSOR,LOW,NON_HOTSPOT,true,MISSENSE,MISSENSE,p.Gly63Glu,c.188G>A,63,null,false
AXIN1 Ser768Leu,AXIN1,TUMOR_SUPPRESSOR,MEDIUM,NON_HOTSPOT,false,MISSENSE,MISSENSE,p.Ser768Leu,c.2303C>T,768,null,false
AXIN1 His352Asn,AXIN1,TUMOR_SUPPRESSOR,MEDIUM,NON_HOTSPOT,false,MISSENSE,MISSENSE,p.His352Asn,c.1054C>A,352,null,false
AXIN1 Gly74Val,AXIN1,TUMOR_SUPPRESSOR,MEDIUM,NON_HOTSPOT,false,MISSENSE,MISSENSE,p.Gly74Val,c.221G>T,74,null,false
AXIN1 Pro26Ser,AXIN1,TUMOR_SUPPRESSOR,LOW,NON_HOTSPOT,false,MISSENSE,MISSENSE,p.Pro26Ser,c.76C>T,26,null,false
AXIN1 Ala20Val,AXIN1,TUMOR_SUPPRESSOR,MEDIUM,NON_HOTSPOT,false,MISSENSE,MISSENSE,p.Ala20Val,c.59C>T,20,null,false
AXIN2 Ile519Met,AXIN2,TUMOR_SUPPRESSOR,LOW,NON_HOTSPOT,false,MISSENSE,MISSENSE,p.Ile519Met,c.1557C>G,519,null,false
AXIN2 Tyr518Cys,AXIN2,TUMOR_SUPPRESSOR,LOW,NON_HOTSPOT,false,MISSENSE,MISSENSE,p.Tyr518Cys,c.1553A>G,518,null,false
AXIN2 Ala368Thr,AXIN2,TUMOR_SUPPRESSOR,LOW,NON_HOTSPOT,false,MISSENSE,MISSENSE,p.Ala368Thr,c.1102G>A,368,null,false
AXIN2 Arg339Cys,AXIN2,TUMOR_SUPPRESSOR,LOW,NON_HOTSPOT,false,MISSENSE,MISSENSE,p.Arg339Cys,c.1015C>T,339,null,false
AXL Trp323Arg,AXL,ONCOGENIC,MEDIUM,NON_HOTSPOT,true,MISSENSE,MISSENSE,p.Trp323Arg,c.967T>A,323,null,false
BAP1 Ser438Leu,BAP1,TUMOR_SUPPRESSOR,MEDIUM,NON_HOTSPOT,false,MISSENSE,MISSENSE,p.Ser438Leu,c.1313C>T,438,null,false
BAP1 Leu343Pro,BAP1,TUMOR_SUPPRESSOR,MEDIUM,NON_HOTSPOT,false,MISSENSE,MISSENSE,p.Leu343Pro,c.1028T>C,343,null,false
BARD1 Ala724Val,BARD1,TUMOR_SUPPRESSOR,LOW,NON_HOTSPOT,true,MISSENSE,MISSENSE,p.Ala724Val,c.2171C>T,724,null,false
BARD1 Ile692Thr,BARD1,TUMOR_SUPPRESSOR,HIGH,NON_HOTSPOT,true,MISSENSE,MISSENSE,p.Ile692Thr,c.2075T>C,692,null,false
BARD1 Arg58Lys,BARD1,TUMOR_SUPPRESSOR,MEDIUM,NON_HOTSPOT,false,MISSENSE,MISSENSE,p.Arg58Lys,c.173G>A,58,null,false
BCL2L1 Arg212His,BCL2L1,TUMOR_SUPPRESSOR,LOW,NON_HOTSPOT,false,MISSENSE,MISSENSE,p.Arg212His,c.635G>A,212,null,false
BCL6 Ala229Thr,BCL6,ONCOGENIC,LOW,NON_HOTSPOT,false,MISSENSE,MISSENSE,p.Ala229Thr,c.685G>A,229,null,false
BCOR Val1654Leu,BCOR,TUMOR_SUPPRESSOR,MEDIUM,NON_HOTSPOT,true,MISSENSE,MISSENSE,p.Val1654Leu,c.4960G>C,1654,null,false
BCOR Trp1270*,BCOR,TUMOR_SUPPRESSOR,MEDIUM,NON_HOTSPOT,false,STOP_GAINED,NONSENSE_OR_FRAMESHIFT,p.Trp1270*,c.3810G>A,1270,null,false
BCOR Gln1119*,BCOR,TUMOR_SUPPRESSOR,HIGH,NON_HOTSPOT,true,STOP_GAINED,NONSENSE_OR_FRAMESHIFT,p.Gln1119*,c.3355C>T,1119,null,false
BCOR Asp1050fs,BCOR,TUMOR_SUPPRESSOR,HIGH,NON_HOTSPOT,true,FRAMESHIFT,NONSENSE_OR_FRAMESHIFT,p.Asp1050fs,c.3147dupC,1049,null,false
BCOR Val878Ile,BCOR,TUMOR_SUPPRESSOR,LOW,NON_HOTSPOT,false,MISSENSE,MISSENSE,p.Val878Ile,c.2632G>A,878,null,false
BCOR Glu428*,BCOR,TUMOR_SUPPRESSOR,MEDIUM,NON_HOTSPOT,false,STOP_GAINED,NONSENSE_OR_FRAMESHIFT,p.Glu428*,c.1282G>T,428,null,false
BCORL1 Pro541Ser,BCORL1,TUMOR_SUPPRESSOR,HIGH,NON_HOTSPOT,true,MISSENSE,MISSENSE,p.Pro541Ser,c.1621C>T,541,null,false
BCORL1 Pro578Leu,BCORL1,TUMOR_SUPPRESSOR,HIGH,NON_HOTSPOT,true,MISSENSE,MISSENSE,p.Pro578Leu,c.1733C>T,578,null,false
BCORL1 Ser663Phe,BCORL1,TUMOR_SUPPRESSOR,LOW,NON_HOTSPOT,false,MISSENSE,MISSENSE,p.Ser663Phe,c.1988C>T,663,null,false
BCORL1 Ser825Asn,BCORL1,TUMOR_SUPPRESSOR,MEDIUM,NON_HOTSPOT,true,MISSENSE,MISSENSE,p.Ser825Asn,c.2474G>A,825,null,false
BCORL1 Gly883Arg,BCORL1,TUMOR_SUPPRESSOR,MEDIUM,NON_HOTSPOT,true,MISSENSE,MISSENSE,p.Gly883Arg,c.2647G>A,883,null,false
BCORL1 Pro897Ala,BCORL1,TUMOR_SUPPRESSOR,LOW,NON_HOTSPOT,false,MISSENSE,MISSENSE,p.Pro897Ala,c.2689C>G,897,null,false
BCR Val284Ile,BCR,ONCOGENIC,LOW,NON_HOTSPOT,false,MISSENSE,MISSENSE,p.Val284Ile,c.850G>A,284,null,false
BIRC3 Asp497His,BIRC3,TUMOR_SUPPRESSOR,MEDIUM,NON_HOTSPOT,false,MISSENSE,MISSENSE,p.Asp497His,c.1489G>C,497,null,false
BLM Gln217His,BLM,TUMOR_SUPPRESSOR,LOW,NON_HOTSPOT,false,MISSENSE,MISSENSE,p.Gln217His,c.651A>T,217,null,false
BLM Tyr699Cys,BLM,TUMOR_SUPPRESSOR,LOW,NON_HOTSPOT,false,MISSENSE,MISSENSE,p.Tyr699Cys,c.2096A>G,699,null,false
BLM Val721Ala,BLM,TUMOR_SUPPRESSOR,LOW,NON_HOTSPOT,false,MISSENSE,MISSENSE,p.Val721Ala,c.2162T>C,721,null,false
BMPR1A Arg254Cys,BMPR1A,TUMOR_SUPPRESSOR,HIGH,NON_HOTSPOT,true,MISSENSE,MISSENSE,p.Arg254Cys,c.760C>T,254,null,false
BRAF Val600Arg,BRAF,ONCOGENIC,HIGH,HOTSPOT,false,MISSENSE,MISSENSE,p.Val600Arg,c.1798_1799delGTinsAG,600,null,false
BRAF Val471Ile,BRAF,ONCOGENIC,MEDIUM,NEAR_HOTSPOT,false,MISSENSE,MISSENSE,p.Val471Ile,c.1411G>A,471,null,false
BRAF Ala12Pro,BRAF,ONCOGENIC,HIGH,NON_HOTSPOT,true,MISSENSE,MISSENSE,p.Ala12Pro,c.34G>C,12,null,false
BRCA1 His1472Tyr,BRCA1,TUMOR_SUPPRESSOR,MEDIUM,NON_HOTSPOT,true,MISSENSE,MISSENSE,p.His1472Tyr,c.4414C>T,1472,null,false
BRCA1 Ser1448Gly,BRCA1,TUMOR_SUPPRESSOR,MEDIUM,NON_HOTSPOT,false,MISSENSE,MISSENSE,p.Ser1448Gly,c.4342A>G,1448,null,false
BRCA1 Ser1253fs,BRCA1,TUMOR_SUPPRESSOR,HIGH,NON_HOTSPOT,true,FRAMESHIFT,NONSENSE_OR_FRAMESHIFT,p.Ser1253fs,c.3756_3759delGTCT,1252,null,false
BRCA1 Val1247Ile,BRCA1,TUMOR_SUPPRESSOR,MEDIUM,NON_HOTSPOT,false,MISSENSE,MISSENSE,p.Val1247Ile,c.3739G>A,1247,null,false
BRCA1 Pro1150Ser,BRCA1,TUMOR_SUPPRESSOR,HIGH,NON_HOTSPOT,true,MISSENSE,MISSENSE,p.Pro1150Ser,c.3448C>T,1150,null,false
BRCA1 Val660fs,BRCA1,TUMOR_SUPPRESSOR,MEDIUM,NON_HOTSPOT,false,FRAMESHIFT,NONSENSE_OR_FRAMESHIFT,p.Val660fs,c.1979_1991delTCAGGCACAGCAG,660,null,false
BRCA1 Leu512Phe,BRCA1,TUMOR_SUPPRESSOR,HIGH,NON_HOTSPOT,true,MISSENSE,MISSENSE,p.Leu512Phe,c.1534C>T,512,null,false
BRCA1 Glu143Lys,BRCA1,TUMOR_SUPPRESSOR,LOW,NON_HOTSPOT,false,MISSENSE,MISSENSE,p.Glu143Lys,c.427G>A,143,null,false
BRCA1 Glu23fs,BRCA1,TUMOR_SUPPRESSOR,HIGH,NEAR_HOTSPOT,true,FRAMESHIFT,NONSENSE_OR_FRAMESHIFT,p.Glu23fs,c.68_69delAG,23,null,false
BRCA2 His223Pro,BRCA2,TUMOR_SUPPRESSOR,LOW,NON_HOTSPOT,false,MISSENSE,MISSENSE,p.His223Pro,c.668A>C,223,null,false
BRCA2 ?,BRCA2,TUMOR_SUPPRESSOR,HIGH,NON_HOTSPOT,false,SPLICE_DONOR|INTRONIC,SPLICE,p.?,c.681+3dupT,227,null,false
BRCA2 Asn277Lys,BRCA2,TUMOR_SUPPRESSOR,MEDIUM,NON_HOTSPOT,true,MISSENSE,MISSENSE,p.Asn277Lys,c.831T>G,277,null,false
BRCA2 Asn277Lys,BRCA2,TUMOR_SUPPRESSOR,LOW,NON_HOTSPOT,true,MISSENSE,MISSENSE,p.Asn277Lys,c.831T>G,277,null,false
BRCA2 Glu456Lys,BRCA2,TUMOR_SUPPRESSOR,LOW,NON_HOTSPOT,false,MISSENSE,MISSENSE,p.Glu456Lys,c.1366G>A,456,null,false
BRCA2 His523Arg,BRCA2,TUMOR_SUPPRESSOR,LOW,NON_HOTSPOT,true,MISSENSE,MISSENSE,p.His523Arg,c.1568A>G,523,null,false
BRCA2 His523Arg,BRCA2,TUMOR_SUPPRESSOR,MEDIUM,NON_HOTSPOT,true,MISSENSE,MISSENSE,p.His523Arg,c.1568A>G,523,null,false
BRCA2 Val572Ile,BRCA2,TUMOR_SUPPRESSOR,LOW,NON_HOTSPOT,true,MISSENSE,MISSENSE,p.Val572Ile,c.1714G>A,572,null,false
BRCA2 Leu1227fs,BRCA2,TUMOR_SUPPRESSOR,MEDIUM,NON_HOTSPOT,false,FRAMESHIFT,NONSENSE_OR_FRAMESHIFT,p.Leu1227fs,c.3680_3681delTG,1227,null,false
BRCA2 Val1283fs,BRCA2,TUMOR_SUPPRESSOR,LOW,NON_HOTSPOT,false,FRAMESHIFT,NONSENSE_OR_FRAMESHIFT,p.Val1283fs,c.3847_3848delGT,1282,null,false
BRCA2 Asn1459Ser,BRCA2,TUMOR_SUPPRESSOR,LOW,NON_HOTSPOT,false,MISSENSE,MISSENSE,p.Asn1459Ser,c.4376A>G,1459,null,false
BRCA2 Asp1513Asn,BRCA2,TUMOR_SUPPRESSOR,MEDIUM,NON_HOTSPOT,true,MISSENSE,MISSENSE,p.Asp1513Asn,c.4537G>A,1513,null,false
BRCA2 Lys1536Gln,BRCA2,TUMOR_SUPPRESSOR,LOW,NON_HOTSPOT,false,MISSENSE,MISSENSE,p.Lys1536Gln,c.4606A>C,1536,null,false
BRCA2 Asn1544fs,BRCA2,TUMOR_SUPPRESSOR,HIGH,NON_HOTSPOT,true,FRAMESHIFT,NONSENSE_OR_FRAMESHIFT,p.Asn1544fs,c.4631delA,1542,null,false
BRCA2 Ser1982fs,BRCA2,TUMOR_SUPPRESSOR,HIGH,NON_HOTSPOT,false,FRAMESHIFT,NONSENSE_OR_FRAMESHIFT,p.Ser1982fs,c.5946delT,1982,null,false
BRCA2 Asn2460fs,BRCA2,TUMOR_SUPPRESSOR,HIGH,NON_HOTSPOT,true,FRAMESHIFT,NONSENSE_OR_FRAMESHIFT,p.Asn2460fs,c.7379_7382delACAA,2459,null,false
BRCA2 Lys2594Arg,BRCA2,TUMOR_SUPPRESSOR,LOW,NON_HOTSPOT,false,MISSENSE,MISSENSE,p.Lys2594Arg,c.7781A>G,2594,null,false
BRCA2 Trp2626Cys,BRCA2,TUMOR_SUPPRESSOR,MEDIUM,NEAR_HOTSPOT,true,MISSENSE,MISSENSE,p.Trp2626Cys,c.7878G>C,2626,null,false
BRCA2 Ile2718Thr,BRCA2,TUMOR_SUPPRESSOR,LOW,NON_HOTSPOT,true,MISSENSE,MISSENSE,p.Ile2718Thr,c.8153T>C,2718,null,false
BRCA2 ?,BRCA2,TUMOR_SUPPRESSOR,HIGH,NON_HOTSPOT,false,SPLICE_ACCEPTOR|INTRONIC,SPLICE,p.?,c.8332-1G>T,2778,null,false
BRCA2 Thr3085fs,BRCA2,TUMOR_SUPPRESSOR,MEDIUM,NON_HOTSPOT,false,FRAMESHIFT,NONSENSE_OR_FRAMESHIFT,p.Thr3085fs,c.9254dupA,3082,null,false
BRD4 Arg1290_Gln1297del,BRD4,ONCOGENIC,HIGH,NON_HOTSPOT,false,INFRAME_DELETION,MISSENSE,p.Arg1290_Gln1297del,c.3869_3892delGCCAGGAGCAACAGCAGCAGCAGC,1290,null,false
BRIP1 Arg798*,BRIP1,TUMOR_SUPPRESSOR,HIGH,NON_HOTSPOT,true,STOP_GAINED,NONSENSE_OR_FRAMESHIFT,p.Arg798*,c.2392C>T,798,null,false
BTK Ser371Tyr,BTK,TUMOR_SUPPRESSOR,HIGH,NON_HOTSPOT,false,MISSENSE,MISSENSE,p.Ser371Tyr,c.1112C>A,371,null,false
BTK Lys311Arg,BTK,TUMOR_SUPPRESSOR,LOW,NON_HOTSPOT,false,MISSENSE,MISSENSE,p.Lys311Arg,c.932A>G,311,null,false
BTK Arg13*,BTK,TUMOR_SUPPRESSOR,HIGH,NON_HOTSPOT,false,STOP_GAINED,NONSENSE_OR_FRAMESHIFT,p.Arg13*,c.37C>T,13,null,false
CARD11 Gln945Leu,CARD11,ONCOGENIC,LOW,NON_HOTSPOT,true,MISSENSE,MISSENSE,p.Gln945Leu,c.2834A>T,945,null,false
CARD11 Glu722Lys,CARD11,ONCOGENIC,LOW,NON_HOTSPOT,false,MISSENSE,MISSENSE,p.Glu722Lys,c.2164G>A,722,null,false
CARD11 Thr669Met,CARD11,ONCOGENIC,LOW,NON_HOTSPOT,true,MISSENSE,MISSENSE,p.Thr669Met,c.2006C>T,669,null,false
CARD11 Lys525Asn,CARD11,ONCOGENIC,LOW,NON_HOTSPOT,false,MISSENSE,MISSENSE,p.Lys525Asn,c.1575G>C,525,null,false
CASP8 Pro25Leu,CASP8,TUMOR_SUPPRESSOR,MEDIUM,NON_HOTSPOT,false,MISSENSE,MISSENSE,p.Pro25Leu,c.74C>T,25,null,false
CASP8 Gln91Glu,CASP8,TUMOR_SUPPRESSOR,HIGH,NON_HOTSPOT,true,MISSENSE,MISSENSE,p.Gln91Glu,c.271C>G,91,null,false
CASP8 Lys180*,CASP8,TUMOR_SUPPRESSOR,MEDIUM,NON_HOTSPOT,false,STOP_GAINED|FRAMESHIFT,NONSENSE_OR_FRAMESHIFT,p.Lys180*,c.538dupT,178,null,false
CASP8 Cys404Tyr,CASP8,TUMOR_SUPPRESSOR,MEDIUM,NON_HOTSPOT,false,MISSENSE,MISSENSE,p.Cys404Tyr,c.1211G>A,404,null,false
CBL His759Tyr,CBL,ONCOGENIC,LOW,NON_HOTSPOT,true,MISSENSE,MISSENSE,p.His759Tyr,c.2275C>T,759,null,false
CD79A Met136Thr,CD79A,ONCOGENIC,MEDIUM,NON_HOTSPOT,false,MISSENSE,MISSENSE,p.Met136Thr,c.407T>C,136,null,false
CDH1 Trp20fs,CDH1,TUMOR_SUPPRESSOR,HIGH,NON_HOTSPOT,true,FRAMESHIFT,NONSENSE_OR_FRAMESHIFT,p.Trp20fs,c.58_62delTGGCT,19,null,false
CDH1 Gln23*,CDH1,TUMOR_SUPPRESSOR,HIGH,HOTSPOT,true,STOP_GAINED,NONSENSE_OR_FRAMESHIFT,p.Gln23*,c.67C>T,23,null,false
CDH1 Phe32fs,CDH1,TUMOR_SUPPRESSOR,HIGH,NON_HOTSPOT,true,FRAMESHIFT,NONSENSE_OR_FRAMESHIFT,p.Phe32fs,c.92_93insGGTG,30,null,false
CDH1 Pro200fs,CDH1,TUMOR_SUPPRESSOR,HIGH,NON_HOTSPOT,true,FRAMESHIFT,NONSENSE_OR_FRAMESHIFT,p.Pro200fs,c.595_596dupAC,198,null,false
CDH1 Ala298Thr,CDH1,TUMOR_SUPPRESSOR,HIGH,HOTSPOT,true,MISSENSE,MISSENSE,p.Ala298Thr,c.892G>A,298,null,false
CDH1 ?,CDH1,TUMOR_SUPPRESSOR,HIGH,NON_HOTSPOT,true,SPLICE_ACCEPTOR|INTRONIC,SPLICE,p.?,c.1009-1G>A,337,null,false
CDH1 Ile650fs,CDH1,TUMOR_SUPPRESSOR,HIGH,NON_HOTSPOT,true,FRAMESHIFT,NONSENSE_OR_FRAMESHIFT,p.Ile650fs,c.1948dupT,649,null,false
CDH1 Ser684fs,CDH1,TUMOR_SUPPRESSOR,HIGH,NON_HOTSPOT,true,FRAMESHIFT,NONSENSE_OR_FRAMESHIFT,p.Ser684fs,c.2049delC,683,null,false
CDH1 Gly704fs,CDH1,TUMOR_SUPPRESSOR,HIGH,NON_HOTSPOT,true,FRAMESHIFT,NONSENSE_OR_FRAMESHIFT,p.Gly704fs,c.2109delA,703,null,false
CDH1 Asp777Asn,CDH1,TUMOR_SUPPRESSOR,MEDIUM,NON_HOTSPOT,false,MISSENSE,MISSENSE,p.Asp777Asn,c.2329G>A,777,null,false
CDH1 ?,CDH1,TUMOR_SUPPRESSOR,HIGH,NON_HOTSPOT,true,SPLICE_ACCEPTOR|INTRONIC,SPLICE,p.?,c.2440-1G>A,814,null,false
CDK12 Lys110fs,CDK12,TUMOR_SUPPRESSOR,HIGH,NON_HOTSPOT,false,FRAMESHIFT,NONSENSE_OR_FRAMESHIFT,p.Lys110fs,c.329_332delAACA,109,null,false
CDK12 Tyr319*,CDK12,TUMOR_SUPPRESSOR,MEDIUM,NON_HOTSPOT,false,STOP_GAINED,NONSENSE_OR_FRAMESHIFT,p.Tyr319*,c.956_957delACinsGA,319,null,false
CDK12 Gly678fs,CDK12,TUMOR_SUPPRESSOR,HIGH,NON_HOTSPOT,false,FRAMESHIFT,NONSENSE_OR_FRAMESHIFT,p.Gly678fs,c.2032_2041delGGAGATCTGT,677,null,false
CDK12 Ile777Leu,CDK12,TUMOR_SUPPRESSOR,LOW,NON_HOTSPOT,false,MISSENSE,MISSENSE,p.Ile777Leu,c.2329A>C,777,null,false
CDK12 Arg983*,CDK12,TUMOR_SUPPRESSOR,HIGH,NON_HOTSPOT,false,STOP_GAINED,NONSENSE_OR_FRAMESHIFT,p.Arg983*,c.2947C>T,983,null,false
CDK4 Arg255Cys,CDK4,ONCOGENIC,MEDIUM,NON_HOTSPOT,false,MISSENSE,MISSENSE,p.Arg255Cys,c.763C>T,255,null,false
CDK4 Arg255Cys,CDK4,ONCOGENIC,MEDIUM,NON_HOTSPOT,true,MISSENSE,MISSENSE,p.Arg255Cys,c.763C>T,255,null,false
CDK8 Gln373His,CDK8,TUMOR_SUPPRESSOR,MEDIUM,NON_HOTSPOT,false,MISSENSE,MISSENSE,p.Gln373His,c.1119G>C,373,null,false
CDKN1B Lys73Asn,CDKN1B,TUMOR_SUPPRESSOR,HIGH,NON_HOTSPOT,true,MISSENSE,MISSENSE,p.Lys73Asn,c.219G>T,73,null,false
CDKN1B Pro133Thr,CDKN1B,TUMOR_SUPPRESSOR,HIGH,HOTSPOT,false,MISSENSE,MISSENSE,p.Pro133Thr,c.397C>A,133,null,false
CDKN1B Pro137fs,CDKN1B,TUMOR_SUPPRESSOR,HIGH,NON_HOTSPOT,false,FRAMESHIFT,NONSENSE_OR_FRAMESHIFT,p.Pro137fs,c.410delC,136,null,false
CDKN2A Asp116fs,CDKN2A,TUMOR_SUPPRESSOR,HIGH,NON_HOTSPOT,true,FRAMESHIFT,NONSENSE_OR_FRAMESHIFT,p.Asp116fs,c.348_370delCCTGGCTGAGGAGCTGGGCCATC,116,null,false
CDKN2A Gly130ext*?,CDKN2A,TUMOR_SUPPRESSOR,HIGH,NON_HOTSPOT,true,STOP_LOST|INFRAME_DELETION,NONSENSE_OR_FRAMESHIFT,p.Gly130ext*?,c.391_*14delCCTGGCTGAGGAGCTGGGCCATC,116,null,false
CDKN2A Pro114Arg,CDKN2A,TUMOR_SUPPRESSOR,HIGH,NEAR_HOTSPOT,true,MISSENSE,MISSENSE,p.Pro114Arg,c.341C>G,114,null,false
CDKN2A Asp92fs,CDKN2A,TUMOR_SUPPRESSOR,HIGH,NON_HOTSPOT,false,FRAMESHIFT,NONSENSE_OR_FRAMESHIFT,p.Asp92fs,c.274delG,91,null,false
CDKN2A Gly106fs,CDKN2A,TUMOR_SUPPRESSOR,HIGH,NON_HOTSPOT,false,FRAMESHIFT,NONSENSE_OR_FRAMESHIFT,p.Gly106fs,c.317delG,91,null,false
CDKN2A His83Tyr,CDKN2A,TUMOR_SUPPRESSOR,HIGH,HOTSPOT,true,MISSENSE,MISSENSE,p.His83Tyr,c.247C>T,83,null,false
CDKN2A Ala97Val,CDKN2A,TUMOR_SUPPRESSOR,HIGH,HOTSPOT,true,MISSENSE,MISSENSE,p.Ala97Val,c.290C>T,83,null,false
CDKN2A Val82fs,CDKN2A,TUMOR_SUPPRESSOR,HIGH,NEAR_HOTSPOT,true,FRAMESHIFT,NONSENSE_OR_FRAMESHIFT,p.Val82fs,c.243delC,81,null,false
CDKN2A Arg96fs,CDKN2A,TUMOR_SUPPRESSOR,HIGH,NEAR_HOTSPOT,true,FRAMESHIFT,NONSENSE_OR_FRAMESHIFT,p.Arg96fs,c.286delC,81,null,false
CDKN2A Pro81Thr,CDKN2A,TUMOR_SUPPRESSOR,HIGH,HOTSPOT,true,MISSENSE,MISSENSE,p.Pro81Thr,c.241C>A,81,null,false
CDKN2A Thr95Asn,CDKN2A,TUMOR_SUPPRESSOR,HIGH,HOTSPOT,true,MISSENSE,MISSENSE,p.Thr95Asn,c.284C>A,81,null,false
CDKN2A Cys72*,CDKN2A,TUMOR_SUPPRESSOR,HIGH,NEAR_HOTSPOT,false,STOP_GAINED,NONSENSE_OR_FRAMESHIFT,p.Cys72*,c.216C>A,72,null,false
CDKN2A Arg87Ser,CDKN2A,TUMOR_SUPPRESSOR,HIGH,NEAR_HOTSPOT,false,MISSENSE,NONSENSE_OR_FRAMESHIFT,p.Arg87Ser,c.259C>A,72,null,false
CDKN2A Arg58*,CDKN2A,TUMOR_SUPPRESSOR,HIGH,HOTSPOT,false,STOP_GAINED,NONSENSE_OR_FRAMESHIFT,p.Arg58*,c.172C>T,58,null,false
CDKN2A Pro72Leu,CDKN2A,TUMOR_SUPPRESSOR,HIGH,HOTSPOT,false,MISSENSE,NONSENSE_OR_FRAMESHIFT,p.Pro72Leu,c.215C>T,58,null,false
CDKN2A ?,CDKN2A,TUMOR_SUPPRESSOR,HIGH,NEAR_HOTSPOT,true,SPLICE_DONOR|INTRONIC,SPLICE,p.?,c.150+3_150+13delGGGTAGAGGGT,50,null,false
CDKN2A Tyr44*,CDKN2A,TUMOR_SUPPRESSOR,HIGH,NON_HOTSPOT,true,STOP_GAINED|FRAMESHIFT,NONSENSE_OR_FRAMESHIFT,p.Tyr44*,c.132delC,44,null,false
CDKN2A Leu32_Leu37del,CDKN2A,TUMOR_SUPPRESSOR,HIGH,NEAR_HOTSPOT,true,INFRAME_DELETION,MISSENSE,p.Leu32_Leu37del,c.95_112delTGGAGGCGGGGGCGCTGC,32,null,false
CDKN2A Leu16fs,CDKN2A,TUMOR_SUPPRESSOR,HIGH,HOTSPOT,false,FRAMESHIFT,NONSENSE_OR_FRAMESHIFT,p.Leu16fs,c.47_50delTGGC,16,null,false
CDKN2A Ala17fs,CDKN2A,TUMOR_SUPPRESSOR,HIGH,NEAR_HOTSPOT,true,FRAMESHIFT,NONSENSE_OR_FRAMESHIFT,p.Ala17fs,c.49dupG,17,null,false
CDKN2C Thr22fs,CDKN2C,TUMOR_SUPPRESSOR,HIGH,NON_HOTSPOT,true,FRAMESHIFT,NONSENSE_OR_FRAMESHIFT,p.Thr22fs,c.65delC,22,null,false
CHD2 Ala28Thr,CHD2,TUMOR_SUPPRESSOR,LOW,NON_HOTSPOT,false,MISSENSE,MISSENSE,p.Ala28Thr,c.82G>A,28,null,false
CHD2 Val175*,CHD2,TUMOR_SUPPRESSOR,MEDIUM,NON_HOTSPOT,false,STOP_GAINED|FRAMESHIFT,NONSENSE_OR_FRAMESHIFT,p.Val175*,c.522delA,172,null,false
CHD4 Asn1346Ser,CHD4,ONCOGENIC,MEDIUM,NON_HOTSPOT,false,MISSENSE,MISSENSE,p.Asn1346Ser,c.4037A>G,1346,null,false
CHD4 Ala1178Val,CHD4,ONCOGENIC,MEDIUM,NON_HOTSPOT,false,MISSENSE,MISSENSE,p.Ala1178Val,c.3533C>T,1178,null,false
CHD4 Arg1162Trp,CHD4,ONCOGENIC,MEDIUM,NON_HOTSPOT,false,MISSENSE,MISSENSE,p.Arg1162Trp,c.3484C>T,1162,null,false
CHD4 Ser1158Asn,CHD4,ONCOGENIC,MEDIUM,NON_HOTSPOT,false,MISSENSE,MISSENSE,p.Ser1158Asn,c.3473G>A,1158,null,false
CHD4 Glu1087Gln,CHD4,ONCOGENIC,LOW,NON_HOTSPOT,false,MISSENSE,MISSENSE,p.Glu1087Gln,c.3259G>C,1087,null,false
CHD4 Thr1076_Met1078del,CHD4,ONCOGENIC,HIGH,NON_HOTSPOT,false,INFRAME_DELETION,MISSENSE,p.Thr1076_Met1078del,c.3226_3234delACCAAGATG,1075,null,false
CHD4 Lys1060Arg,CHD4,ONCOGENIC,HIGH,NON_HOTSPOT,true,MISSENSE,MISSENSE,p.Lys1060Arg,c.3179A>G,1060,null,false
CHD4 Arg975His,CHD4,ONCOGENIC,MEDIUM,NON_HOTSPOT,true,MISSENSE,MISSENSE,p.Arg975His,c.2924G>A,975,null,false
CHD4 Gln730Glu,CHD4,ONCOGENIC,MEDIUM,NON_HOTSPOT,false,MISSENSE,MISSENSE,p.Gln730Glu,c.2188C>G,730,null,false
CHEK2 Arg578Cys,CHEK2,TUMOR_SUPPRESSOR,HIGH,NON_HOTSPOT,false,MISSENSE,MISSENSE,p.Arg578Cys,c.1732C>T,578,null,false
CHEK2 Ala435Val,CHEK2,TUMOR_SUPPRESSOR,HIGH,NON_HOTSPOT,true,MISSENSE,MISSENSE,p.Ala435Val,c.1304C>T,435,null,false
CHEK2 Lys416Glu,CHEK2,TUMOR_SUPPRESSOR,MEDIUM,NEAR_HOTSPOT,false,MISSENSE,MISSENSE,p.Lys416Glu,c.1245_1246delCAinsTG,415,null,false
CHEK2 Lys416Glu,CHEK2,TUMOR_SUPPRESSOR,HIGH,NEAR_HOTSPOT,true,MISSENSE,MISSENSE,p.Lys416Glu,c.1245_1246delCAinsTG,415,null,false
CHEK2 Ile200Thr,CHEK2,TUMOR_SUPPRESSOR,HIGH,HOTSPOT,true,MISSENSE,MISSENSE,p.Ile200Thr,c.599T>C,200,null,false
CIC Pro775Ser,CIC,TUMOR_SUPPRESSOR,LOW,NON_HOTSPOT,false,MISSENSE,MISSENSE,p.Pro775Ser,c.2323C>T,775,null,false
CIC Pro911Leu,CIC,TUMOR_SUPPRESSOR,LOW,NON_HOTSPOT,true,MISSENSE,MISSENSE,p.Pro911Leu,c.2732C>T,911,null,false
CIC Thr1103Ala,CIC,TUMOR_SUPPRESSOR,LOW,NON_HOTSPOT,false,MISSENSE,MISSENSE,p.Thr1103Ala,c.3307A>G,1103,null,false
CIC Asp1456Glu,CIC,TUMOR_SUPPRESSOR,LOW,NON_HOTSPOT,false,MISSENSE,MISSENSE,p.Asp1456Glu,c.4368C>G,1456,null,false
CREBBP Gln2199Leu,CREBBP,TUMOR_SUPPRESSOR,MEDIUM,NON_HOTSPOT,false,MISSENSE,MISSENSE,p.Gln2199Leu,c.6596A>T,2199,null,false
CREBBP Asn2006_Gln2007delinsLys,CREBBP,TUMOR_SUPPRESSOR,HIGH,NON_HOTSPOT,false,INFRAME_DELETION,MISSENSE,p.Asn2006_Gln2007delinsLys,c.6018_6020delCCA,2006,null,false
CREBBP Arg1672Thr,CREBBP,TUMOR_SUPPRESSOR,MEDIUM,NON_HOTSPOT,false,MISSENSE,MISSENSE,p.Arg1672Thr,c.5015G>C,1672,null,false
CREBBP Pro899Ala,CREBBP,TUMOR_SUPPRESSOR,LOW,NON_HOTSPOT,false,MISSENSE,MISSENSE,p.Pro899Ala,c.2695C>G,899,null,false
CREBBP His365Arg,CREBBP,TUMOR_SUPPRESSOR,MEDIUM,NON_HOTSPOT,false,MISSENSE,MISSENSE,p.His365Arg,c.1094A>G,365,null,false
CREBBP Ala339Gly,CREBBP,TUMOR_SUPPRESSOR,HIGH,NON_HOTSPOT,true,MISSENSE,MISSENSE,p.Ala339Gly,c.1016C>G,339,null,false
CSF1R Val491Met,CSF1R,ONCOGENIC,LOW,NON_HOTSPOT,false,MISSENSE,MISSENSE,p.Val491Met,c.1471G>A,491,null,false
CSF3R Lys536Asn,CSF3R,ONCOGENIC,LOW,NON_HOTSPOT,true,MISSENSE,MISSENSE,p.Lys536Asn,c.1608G>T,536,null,false
CSF3R Gly366Arg,CSF3R,ONCOGENIC,LOW,NON_HOTSPOT,true,MISSENSE,MISSENSE,p.Gly366Arg,c.1096G>A,366,null,false
CSF3R Thr304Ser,CSF3R,ONCOGENIC,LOW,NON_HOTSPOT,false,MISSENSE,MISSENSE,p.Thr304Ser,c.911C>G,304,null,false
CSNK1A1 Pro272Leu,CSNK1A1,TUMOR_SUPPRESSOR,MEDIUM,NON_HOTSPOT,false,MISSENSE,MISSENSE,p.Pro272Leu,c.815C>T,272,null,false
CTCF Gln676Arg,CTCF,TUMOR_SUPPRESSOR,MEDIUM,NON_HOTSPOT,true,MISSENSE,MISSENSE,p.Gln676Arg,c.2027A>G,676,null,false
CTLA4 Phe175Ser,CTLA4,TUMOR_SUPPRESSOR,LOW,NON_HOTSPOT,true,MISSENSE,MISSENSE,p.Phe175Ser,c.524T>C,175,null,false
CTLA4 Val202Leu,CTLA4,TUMOR_SUPPRESSOR,LOW,NON_HOTSPOT,false,MISSENSE,MISSENSE,p.Val202Leu,c.604G>T,202,null,false
CTNNA1 ?,CTNNA1,TUMOR_SUPPRESSOR,MEDIUM,NON_HOTSPOT,false,SPLICE_DONOR|INTRONIC,SPLICE,p.?,c.105+1G>T,35,null,false
CTNNB1 Ser45Pro,CTNNB1,ONCOGENIC,HIGH,HOTSPOT,false,MISSENSE,MISSENSE,p.Ser45Pro,c.133T>C,45,null,false
CTNNB1 Met688Val,CTNNB1,ONCOGENIC,MEDIUM,NON_HOTSPOT,false,MISSENSE,MISSENSE,p.Met688Val,c.2062A>G,688,null,false
CUL3 Gln728His,CUL3,TUMOR_SUPPRESSOR,MEDIUM,NON_HOTSPOT,false,MISSENSE,MISSENSE,p.Gln728His,c.2184G>T,728,null,false
CUL3 Glu315Lys,CUL3,TUMOR_SUPPRESSOR,LOW,NON_HOTSPOT,false,MISSENSE,MISSENSE,p.Glu315Lys,c.943G>A,315,null,false
CUX1 Pro1106Leu,CUX1,TUMOR_SUPPRESSOR,LOW,NON_HOTSPOT,false,MISSENSE,MISSENSE,p.Pro1106Leu,c.3317C>T,1106,null,false
CXCR4 His117Leu,CXCR4,ONCOGENIC,LOW,NON_HOTSPOT,false,MISSENSE,MISSENSE,p.His117Leu,c.350A>T,117,null,false
CYLD Glu631Gln,CYLD,TUMOR_SUPPRESSOR,MEDIUM,NON_HOTSPOT,true,MISSENSE,MISSENSE,p.Glu631Gln,c.1891G>C,631,null,false
DAXX Leu500Pro,DAXX,TUMOR_SUPPRESSOR,MEDIUM,NON_HOTSPOT,true,MISSENSE,MISSENSE,p.Leu500Pro,c.1499T>C,500,null,false
DAXX Glu451dup,DAXX,TUMOR_SUPPRESSOR,HIGH,NON_HOTSPOT,false,INFRAME_INSERTION,MISSENSE,p.Glu451dup,c.1353_1355dupGGA,452,null,false
DAXX Met312Leu,DAXX,TUMOR_SUPPRESSOR,LOW,NON_HOTSPOT,false,MISSENSE,MISSENSE,p.Met312Leu,c.934A>T,312,null,false
DDR2 Met657Val,DDR2,ONCOGENIC,LOW,NON_HOTSPOT,false,MISSENSE,MISSENSE,p.Met657Val,c.1969A>G,657,null,false
DDX41 Glu469*,DDX41,TUMOR_SUPPRESSOR,MEDIUM,NON_HOTSPOT,false,STOP_GAINED,NONSENSE_OR_FRAMESHIFT,p.Glu469*,c.1405G>T,469,null,false
DDX41 Tyr33Cys,DDX41,TUMOR_SUPPRESSOR,MEDIUM,NON_HOTSPOT,false,MISSENSE,MISSENSE,p.Tyr33Cys,c.98A>G,33,null,false
DHX15 Arg126*,DHX15,TUMOR_SUPPRESSOR,MEDIUM,NON_HOTSPOT,false,STOP_GAINED,NONSENSE_OR_FRAMESHIFT,p.Arg126*,c.376C>T,126,null,false
DICER1 Arg1851His,DICER1,TUMOR_SUPPRESSOR,LOW,NON_HOTSPOT,false,MISSENSE,MISSENSE,p.Arg1851His,c.5552G>A,1851,null,false
DICER1 Val1211Met,DICER1,TUMOR_SUPPRESSOR,LOW,NON_HOTSPOT,false,MISSENSE,MISSENSE,p.Val1211Met,c.3631G>A,1211,null,false
DICER1 Leu997Pro,DICER1,TUMOR_SUPPRESSOR,LOW,NON_HOTSPOT,false,MISSENSE,MISSENSE,p.Leu997Pro,c.2990T>C,997,null,false
DICER1 Lys791Glu,DICER1,TUMOR_SUPPRESSOR,LOW,NON_HOTSPOT,true,MISSENSE,MISSENSE,p.Lys791Glu,c.2371A>G,791,null,false
DICER1 Thr541Arg,DICER1,TUMOR_SUPPRESSOR,LOW,NON_HOTSPOT,false,MISSENSE,MISSENSE,p.Thr541Arg,c.1622C>G,541,null,false
DICER1 Val448Met,DICER1,TUMOR_SUPPRESSOR,LOW,NON_HOTSPOT,false,MISSENSE,MISSENSE,p.Val448Met,c.1342G>A,448,null,false
DIS3 Met566Val,DIS3,TUMOR_SUPPRESSOR,MEDIUM,NON_HOTSPOT,false,MISSENSE,MISSENSE,p.Met566Val,c.1696A>G,566,null,false
DIS3 Ala212fs,DIS3,TUMOR_SUPPRESSOR,HIGH,NON_HOTSPOT,true,FRAMESHIFT,NONSENSE_OR_FRAMESHIFT,p.Ala212fs,c.635_638delCTTG,212,null,false
DNAJB1 Glu174Asp,DNAJB1,ONCOGENIC,LOW,NON_HOTSPOT,true,MISSENSE,MISSENSE,p.Glu174Asp,c.522G>C,174,null,false
DNAJB1 Pro135Leu,DNAJB1,ONCOGENIC,LOW,NON_HOTSPOT,false,MISSENSE,MISSENSE,p.Pro135Leu,c.404C>T,135,null,false
DNAJB1 Glu18Lys,DNAJB1,ONCOGENIC,LOW,NON_HOTSPOT,false,MISSENSE,MISSENSE,p.Glu18Lys,c.52G>A,18,null,false
DNMT1 Arg1461Trp,DNMT1,TUMOR_SUPPRESSOR,LOW,NON_HOTSPOT,true,MISSENSE,MISSENSE,p.Arg1461Trp,c.4381C>T,1461,null,false
DNMT1 Gly1199Ser,DNMT1,TUMOR_SUPPRESSOR,LOW,NON_HOTSPOT,false,MISSENSE,MISSENSE,p.Gly1199Ser,c.3595G>A,1199,null,false
DNMT1 Phe1099Leu,DNMT1,TUMOR_SUPPRESSOR,LOW,NON_HOTSPOT,false,MISSENSE,MISSENSE,p.Phe1099Leu,c.3297C>G,1099,null,false
DNMT1 Pro867Arg,DNMT1,TUMOR_SUPPRESSOR,LOW,NON_HOTSPOT,true,MISSENSE,MISSENSE,p.Pro867Arg,c.2600C>G,867,null,false
DNMT1 Ile851Leu,DNMT1,TUMOR_SUPPRESSOR,LOW,NON_HOTSPOT,true,MISSENSE,MISSENSE,p.Ile851Leu,c.2551A>C,851,null,false
DNMT1 Lys357Thr,DNMT1,TUMOR_SUPPRESSOR,LOW,NON_HOTSPOT,true,MISSENSE,MISSENSE,p.Lys357Thr,c.1070A>C,357,null,false
DNMT3A Ile858fs,DNMT3A,TUMOR_SUPPRESSOR,LOW,NON_HOTSPOT,false,FRAMESHIFT,NONSENSE_OR_FRAMESHIFT,p.Ile858fs,c.2574_2586delCTTATGGTGCACT,858,null,false
DNMT3A Glu733*,DNMT3A,TUMOR_SUPPRESSOR,HIGH,NON_HOTSPOT,false,STOP_GAINED|FRAMESHIFT,NONSENSE_OR_FRAMESHIFT,p.Glu733*,c.2196dupT,732,null,false
DNMT3A Val675Met,DNMT3A,TUMOR_SUPPRESSOR,LOW,NON_HOTSPOT,false,MISSENSE,MISSENSE,p.Val675Met,c.2023G>A,675,null,false
DNMT3A Val636Met,DNMT3A,TUMOR_SUPPRESSOR,LOW,NON_HOTSPOT,false,MISSENSE,MISSENSE,p.Val636Met,c.1906G>A,636,null,false
DNMT3A Leu373Val,DNMT3A,TUMOR_SUPPRESSOR,LOW,NON_HOTSPOT,false,MISSENSE,MISSENSE,p.Leu373Val,c.1117C>G,373,null,false
DNMT3A Glu342Gln,DNMT3A,TUMOR_SUPPRESSOR,LOW,NON_HOTSPOT,false,MISSENSE,MISSENSE,p.Glu342Gln,c.1024G>C,342,null,false
DNMT3A ?,DNMT3A,TUMOR_SUPPRESSOR,HIGH,NON_HOTSPOT,false,SPLICE_ACCEPTOR|INTRONIC,SPLICE,p.?,c.1015-2A>G,339,null,false
DNMT3A Arg209His,DNMT3A,TUMOR_SUPPRESSOR,LOW,NON_HOTSPOT,true,MISSENSE,MISSENSE,p.Arg209His,c.626G>A,209,null,false
DNMT3B Glu39Gln,DNMT3B,TUMOR_SUPPRESSOR,LOW,NON_HOTSPOT,true,MISSENSE,MISSENSE,p.Glu39Gln,c.115G>C,39,null,false
DNMT3B Pro44Leu,DNMT3B,TUMOR_SUPPRESSOR,LOW,NON_HOTSPOT,false,MISSENSE,MISSENSE,p.Pro44Leu,c.131C>T,44,null,false
DNMT3B Arg531Cys,DNMT3B,TUMOR_SUPPRESSOR,LOW,NON_HOTSPOT,false,MISSENSE,MISSENSE,p.Arg531Cys,c.1591C>T,531,null,false
DOT1L Glu3Asp,DOT1L,TUMOR_SUPPRESSOR,LOW,NON_HOTSPOT,false,MISSENSE,MISSENSE,p.Glu3Asp,c.9G>C,3,null,false
DOT1L Ala500Ser,DOT1L,TUMOR_SUPPRESSOR,LOW,NON_HOTSPOT,false,MISSENSE,MISSENSE,p.Ala500Ser,c.1498G>T,500,null,false
DOT1L Gly594Ser,DOT1L,TUMOR_SUPPRESSOR,LOW,NON_HOTSPOT,false,MISSENSE,MISSENSE,p.Gly594Ser,c.1780G>A,594,null,false
DOT1L Ala1016Thr,DOT1L,TUMOR_SUPPRESSOR,HIGH,NON_HOTSPOT,false,MISSENSE,MISSENSE,p.Ala1016Thr,c.3046G>A,1016,null,false
DOT1L Asp1031Asn,DOT1L,TUMOR_SUPPRESSOR,HIGH,NON_HOTSPOT,false,MISSENSE,MISSENSE,p.Asp1031Asn,c.3091G>A,1031,null,false
DOT1L Ala1230Val,DOT1L,TUMOR_SUPPRESSOR,LOW,NON_HOTSPOT,false,MISSENSE,MISSENSE,p.Ala1230Val,c.3689C>T,1230,null,false
DOT1L Ala1257Val,DOT1L,TUMOR_SUPPRESSOR,HIGH,NON_HOTSPOT,true,MISSENSE,MISSENSE,p.Ala1257Val,c.3770C>T,1257,null,false
DOT1L Ser1299Phe,DOT1L,TUMOR_SUPPRESSOR,MEDIUM,NON_HOTSPOT,false,MISSENSE,MISSENSE,p.Ser1299Phe,c.3896C>T,1299,null,false
DOT1L Ala1335Thr,DOT1L,TUMOR_SUPPRESSOR,LOW,NON_HOTSPOT,false,MISSENSE,MISSENSE,p.Ala1335Thr,c.4003G>A,1335,null,false
E2F3 Gly251Asp,E2F3,TUMOR_SUPPRESSOR,MEDIUM,NON_HOTSPOT,false,MISSENSE,MISSENSE,p.Gly251Asp,c.752G>A,251,null,false
E2F3 Pro321Thr,E2F3,TUMOR_SUPPRESSOR,MEDIUM,NON_HOTSPOT,false,MISSENSE,MISSENSE,p.Pro321Thr,c.961C>A,321,null,false
EGFL7 Glu199del,EGFL7,TUMOR_SUPPRESSOR,LOW,NON_HOTSPOT,false,INFRAME_DELETION,MISSENSE,p.Glu199del,c.595_597delGAA,197,null,false
EGFL7 Gln227Arg,EGFL7,TUMOR_SUPPRESSOR,LOW,NON_HOTSPOT,true,MISSENSE,MISSENSE,p.Gln227Arg,c.680A>G,227,null,false
EGFR Leu509Ser,EGFR,ONCOGENIC,MEDIUM,NON_HOTSPOT,false,MISSENSE,MISSENSE,p.Leu509Ser,c.1526T>C,509,null,false
EGFR Pro1117Arg,EGFR,ONCOGENIC,MEDIUM,NON_HOTSPOT,false,MISSENSE,MISSENSE,p.Pro1117Arg,c.3350C>G,1117,null,false
EIF4E Arg134Ile,EIF4E,TUMOR_SUPPRESSOR,MEDIUM,NON_HOTSPOT,false,MISSENSE,MISSENSE,p.Arg134Ile,c.401G>T,134,null,false
EML4 Asn387Ser,EML4,TUMOR_SUPPRESSOR,LOW,NON_HOTSPOT,true,MISSENSE,MISSENSE,p.Asn387Ser,c.1160A>G,387,null,false
EML4 Ser705Tyr,EML4,TUMOR_SUPPRESSOR,LOW,NON_HOTSPOT,false,MISSENSE,MISSENSE,p.Ser705Tyr,c.2114C>A,705,null,false
EML4 Asn845Ser,EML4,TUMOR_SUPPRESSOR,LOW,NON_HOTSPOT,false,MISSENSE,MISSENSE,p.Asn845Ser,c.2534A>G,845,null,false
EML4 Glu939Lys,EML4,TUMOR_SUPPRESSOR,LOW,NON_HOTSPOT,false,MISSENSE,MISSENSE,p.Glu939Lys,c.2815G>A,939,null,false
EP300 Pro11Ser,EP300,TUMOR_SUPPRESSOR,HIGH,NON_HOTSPOT,true,MISSENSE,MISSENSE,p.Pro11Ser,c.31C>T,11,null,false
EP300 Leu443Val,EP300,TUMOR_SUPPRESSOR,HIGH,NON_HOTSPOT,true,MISSENSE,MISSENSE,p.Leu443Val,c.1327C>G,443,null,false
EP300 Ile725Thr,EP300,TUMOR_SUPPRESSOR,MEDIUM,NON_HOTSPOT,false,MISSENSE,MISSENSE,p.Ile725Thr,c.2174T>C,725,null,false
EP300 Ser786Gly,EP300,TUMOR_SUPPRESSOR,MEDIUM,NON_HOTSPOT,false,MISSENSE,MISSENSE,p.Ser786Gly,c.2356A>G,786,null,false
EP300 Pro806His,EP300,TUMOR_SUPPRESSOR,MEDIUM,NON_HOTSPOT,false,MISSENSE,MISSENSE,p.Pro806His,c.2417C>A,806,null,false
EP300 Ser1159Arg,EP300,TUMOR_SUPPRESSOR,MEDIUM,NON_HOTSPOT,false,MISSENSE,MISSENSE,p.Ser1159Arg,c.3477C>G,1159,null,false
EP300 Ser1977Asn,EP300,TUMOR_SUPPRESSOR,HIGH,NON_HOTSPOT,true,MISSENSE,MISSENSE,p.Ser1977Asn,c.5930G>A,1977,null,false
EP300 Met2133Ile,EP300,TUMOR_SUPPRESSOR,MEDIUM,NON_HOTSPOT,false,MISSENSE,MISSENSE,p.Met2133Ile,c.6399G>T,2133,null,false
EPHA3 Glu137Asp,EPHA3,TUMOR_SUPPRESSOR,LOW,NON_HOTSPOT,false,MISSENSE,MISSENSE,p.Glu137Asp,c.411G>T,137,null,false
EPHA3 Thr911Pro,EPHA3,TUMOR_SUPPRESSOR,LOW,NON_HOTSPOT,false,MISSENSE,MISSENSE,p.Thr911Pro,c.2731A>C,911,null,false
EPHA5 Thr944Met,EPHA5,TUMOR_SUPPRESSOR,MEDIUM,NON_HOTSPOT,true,MISSENSE,MISSENSE,p.Thr944Met,c.2831C>T,944,null,false
EPHA5 Glu297Gly,EPHA5,TUMOR_SUPPRESSOR,LOW,NON_HOTSPOT,false,MISSENSE,MISSENSE,p.Glu297Gly,c.890A>G,297,null,false
EPHA5 Arg67Cys,EPHA5,TUMOR_SUPPRESSOR,MEDIUM,NON_HOTSPOT,false,MISSENSE,MISSENSE,p.Arg67Cys,c.199C>T,67,null,false
EPHA7 Met542Ile,EPHA7,TUMOR_SUPPRESSOR,MEDIUM,NON_HOTSPOT,false,MISSENSE,MISSENSE,p.Met542Ile,c.1626G>T,542,null,false
EPHA7 Ala409Ser,EPHA7,TUMOR_SUPPRESSOR,HIGH,NON_HOTSPOT,true,MISSENSE,MISSENSE,p.Ala409Ser,c.1225G>T,409,null,false
EPHA7 Pro320Ser,EPHA7,TUMOR_SUPPRESSOR,MEDIUM,NON_HOTSPOT,false,MISSENSE,MISSENSE,p.Pro320Ser,c.958C>T,320,null,false
EPHB1 Arg80Gln,EPHB1,TUMOR_SUPPRESSOR,MEDIUM,NON_HOTSPOT,false,MISSENSE,MISSENSE,p.Arg80Gln,c.239G>A,80,null,false
EPHB1 Arg368Gln,EPHB1,TUMOR_SUPPRESSOR,MEDIUM,NON_HOTSPOT,false,MISSENSE,MISSENSE,p.Arg368Gln,c.1103G>A,368,null,false
EPHB1 Phe820Leu,EPHB1,TUMOR_SUPPRESSOR,LOW,NON_HOTSPOT,false,MISSENSE,MISSENSE,p.Phe820Leu,c.2460T>G,820,null,false
ERBB2 Gly292Arg,ERBB2,ONCOGENIC,HIGH,HOTSPOT,false,MISSENSE,MISSENSE,p.Gly292Arg,c.874G>C,292,null,false
ERBB2 Ser310Phe,ERBB2,ONCOGENIC,HIGH,HOTSPOT,false,MISSENSE,MISSENSE,p.Ser310Phe,c.929C>T,310,null,false
ERBB2 Asp639Tyr,ERBB2,ONCOGENIC,MEDIUM,NON_HOTSPOT,false,MISSENSE,MISSENSE,p.Asp639Tyr,c.1915G>T,639,null,false
ERBB2 Leu755Ser,ERBB2,ONCOGENIC,HIGH,HOTSPOT,false,MISSENSE,MISSENSE,p.Leu755Ser,c.2264T>C,755,null,false
ERBB2 Leu869Arg,ERBB2,ONCOGENIC,HIGH,HOTSPOT,false,MISSENSE,MISSENSE,p.Leu869Arg,c.2606T>G,869,null,false
ERBB3 Gly513Asp,ERBB3,ONCOGENIC,LOW,NON_HOTSPOT,true,MISSENSE,MISSENSE,p.Gly513Asp,c.1538G>A,513,null,false
ERBB3 Pro988Leu,ERBB3,ONCOGENIC,LOW,NON_HOTSPOT,false,MISSENSE,MISSENSE,p.Pro988Leu,c.2963C>T,988,null,false
ERBB3 Arg1040Gln,ERBB3,ONCOGENIC,MEDIUM,NON_HOTSPOT,false,MISSENSE,MISSENSE,p.Arg1040Gln,c.3119G>A,1040,null,false
ERBB3 Ser1315Arg,ERBB3,ONCOGENIC,LOW,NON_HOTSPOT,false,MISSENSE,MISSENSE,p.Ser1315Arg,c.3945C>G,1315,null,false
ERBB4 Leu819Val,ERBB4,TUMOR_SUPPRESSOR,MEDIUM,NON_HOTSPOT,true,MISSENSE,MISSENSE,p.Leu819Val,c.2455C>G,819,null,false
ERBB4 Arg612Pro,ERBB4,TUMOR_SUPPRESSOR,LOW,NON_HOTSPOT,false,MISSENSE,MISSENSE,p.Arg612Pro,c.1835G>C,612,null,false
ERBB4 Asn465Lys,ERBB4,TUMOR_SUPPRESSOR,HIGH,NON_HOTSPOT,true,MISSENSE,MISSENSE,p.Asn465Lys,c.1395C>A,465,null,false
ERBB4 Pro224Ser,ERBB4,TUMOR_SUPPRESSOR,MEDIUM,NON_HOTSPOT,true,MISSENSE,MISSENSE,p.Pro224Ser,c.670C>T,224,null,false
ERCC1 Trp292Arg,ERCC1,TUMOR_SUPPRESSOR,LOW,NON_HOTSPOT,false,MISSENSE,MISSENSE,p.Trp292Arg,c.874T>C,292,null,false
ERCC1 Val112Ile,ERCC1,TUMOR_SUPPRESSOR,LOW,NON_HOTSPOT,false,MISSENSE,MISSENSE,p.Val112Ile,c.334G>A,112,null,false
ERCC2 Leu266Met,ERCC2,TUMOR_SUPPRESSOR,MEDIUM,NON_HOTSPOT,false,MISSENSE,MISSENSE,p.Leu266Met,c.796C>A,266,null,false
ERCC3 Glu697Lys,ERCC3,TUMOR_SUPPRESSOR,LOW,NON_HOTSPOT,true,MISSENSE,MISSENSE,p.Glu697Lys,c.2089G>A,697,null,false
ERCC3 Arg520Trp,ERCC3,TUMOR_SUPPRESSOR,LOW,NON_HOTSPOT,true,MISSENSE,MISSENSE,p.Arg520Trp,c.1558C>T,520,null,false
ERCC4 Leu49Phe,ERCC4,TUMOR_SUPPRESSOR,LOW,NON_HOTSPOT,true,MISSENSE,MISSENSE,p.Leu49Phe,c.145C>T,49,null,false
ERCC4 Ser312Ala,ERCC4,TUMOR_SUPPRESSOR,LOW,NON_HOTSPOT,true,MISSENSE,MISSENSE,p.Ser312Ala,c.934T>G,312,null,false
ERCC4 Glu725Lys,ERCC4,TUMOR_SUPPRESSOR,LOW,NON_HOTSPOT,false,MISSENSE,MISSENSE,p.Glu725Lys,c.2173G>A,725,null,false
ERCC4 Ser835Tyr,ERCC4,TUMOR_SUPPRESSOR,LOW,NON_HOTSPOT,false,MISSENSE,MISSENSE,p.Ser835Tyr,c.2504C>A,835,null,false
ERCC4 Lys915Glu,ERCC4,TUMOR_SUPPRESSOR,LOW,NON_HOTSPOT,false,MISSENSE,MISSENSE,p.Lys915Glu,c.2743A>G,915,null,false
ERCC5 Lys636Asn,ERCC5,TUMOR_SUPPRESSOR,MEDIUM,NON_HOTSPOT,false,MISSENSE,MISSENSE,p.Lys636Asn,c.1908G>T,636,null,false
ERCC5 Leu955Ile,ERCC5,TUMOR_SUPPRESSOR,LOW,NON_HOTSPOT,false,MISSENSE,MISSENSE,p.Leu955Ile,c.2863C>A,955,null,false
ERCC5 Val1138Met,ERCC5,TUMOR_SUPPRESSOR,MEDIUM,NON_HOTSPOT,false,MISSENSE,MISSENSE,p.Val1138Met,c.3412G>A,1138,null,false
ERG Arg392Ser,ERG,ONCOGENIC,MEDIUM,NON_HOTSPOT,false,MISSENSE,MISSENSE,p.Arg392Ser,c.1174C>A,392,null,false
ERG Arg309His,ERG,ONCOGENIC,HIGH,NON_HOTSPOT,false,MISSENSE,MISSENSE,p.Arg309His,c.926G>A,309,null,false
ERG Glu76Lys,ERG,ONCOGENIC,MEDIUM,NON_HOTSPOT,false,MISSENSE,MISSENSE,p.Glu76Lys,c.226G>A,76,null,false
ERG Asp62Tyr,ERG,ONCOGENIC,MEDIUM,NON_HOTSPOT,false,MISSENSE,MISSENSE,p.Asp62Tyr,c.184G>T,62,null,false
ERG Pro6Leu,ERG,ONCOGENIC,MEDIUM,NON_HOTSPOT,false,MISSENSE,MISSENSE,p.Pro6Leu,c.17C>T,6,null,false
ESR1 Arg300His,ESR1,ONCOGENIC,MEDIUM,NON_HOTSPOT,true,MISSENSE,MISSENSE,p.Arg300His,c.899G>A,300,null,false
ESR1 Tyr537Asn,ESR1,ONCOGENIC,HIGH,HOTSPOT,false,MISSENSE,MISSENSE,p.Tyr537Asn,c.1609T>A,537,null,false
ESR1 Asp538Gly,ESR1,ONCOGENIC,HIGH,HOTSPOT,false,MISSENSE,MISSENSE,p.Asp538Gly,c.1613A>G,538,null,false
ESR1 Pro592Leu,ESR1,ONCOGENIC,MEDIUM,NON_HOTSPOT,true,MISSENSE,MISSENSE,p.Pro592Leu,c.1775C>T,592,null,false
ETS1 Arg287His,ETS1,TUMOR_SUPPRESSOR,MEDIUM,NON_HOTSPOT,false,MISSENSE,MISSENSE,p.Arg287His,c.860G>A,287,null,false
ETS1 Gln264Lys,ETS1,TUMOR_SUPPRESSOR,LOW,NON_HOTSPOT,false,MISSENSE,MISSENSE,p.Gln264Lys,c.790C>A,264,null,false
ETS1 Gln230*,ETS1,TUMOR_SUPPRESSOR,HIGH,NON_HOTSPOT,true,STOP_GAINED,NONSENSE_OR_FRAMESHIFT,p.Gln230*,c.688C>T,230,null,false
ETS1 Met57Ile,ETS1,TUMOR_SUPPRESSOR,LOW,NON_HOTSPOT,false,MISSENSE,MISSENSE,p.Met57Ile,c.171G>A,57,null,false
ETV1 Ala76Gly,ETV1,ONCOGENIC,MEDIUM,NON_HOTSPOT,false,MISSENSE,MISSENSE,p.Ala76Gly,c.227C>G,76,null,false
ETV4 Thr363Met,ETV4,ONCOGENIC,MEDIUM,NON_HOTSPOT,false,MISSENSE,MISSENSE,p.Thr363Met,c.1088C>T,363,null,false
ETV4 Ser140Phe,ETV4,ONCOGENIC,LOW,NON_HOTSPOT,false,MISSENSE,MISSENSE,p.Ser140Phe,c.419C>T,140,null,false
ETV5 Ala107Val,ETV5,ONCOGENIC,MEDIUM,NON_HOTSPOT,true,MISSENSE,MISSENSE,p.Ala107Val,c.320C>T,107,null,false
EWSR1 Ser203Thr,EWSR1,ONCOGENIC,LOW,NON_HOTSPOT,true,MISSENSE,MISSENSE,p.Ser203Thr,c.607T>A,203,null,false
EWSR1 Asp346Glu,EWSR1,ONCOGENIC,MEDIUM,NON_HOTSPOT,true,MISSENSE,MISSENSE,p.Asp346Glu,c.1038T>G,346,null,false
EWSR1 Arg638Lys,EWSR1,ONCOGENIC,LOW,NON_HOTSPOT,true,MISSENSE,MISSENSE,p.Arg638Lys,c.1913G>A,638,null,false
FANCA His1355Leu,FANCA,TUMOR_SUPPRESSOR,HIGH,NON_HOTSPOT,true,MISSENSE,MISSENSE,p.His1355Leu,c.4064A>T,1355,null,false
FANCA Pro1192Leu,FANCA,TUMOR_SUPPRESSOR,MEDIUM,NON_HOTSPOT,false,MISSENSE,MISSENSE,p.Pro1192Leu,c.3575C>T,1192,null,false
FANCA Ser1061Gly,FANCA,TUMOR_SUPPRESSOR,MEDIUM,NON_HOTSPOT,false,MISSENSE,MISSENSE,p.Ser1061Gly,c.3181A>G,1061,null,false
FANCA Ser877*,FANCA,TUMOR_SUPPRESSOR,HIGH,NON_HOTSPOT,true,STOP_GAINED,NONSENSE_OR_FRAMESHIFT,p.Ser877*,c.2630C>G,877,null,false
FANCA ?,FANCA,TUMOR_SUPPRESSOR,MEDIUM,NON_HOTSPOT,false,SPLICE_DONOR|MISSENSE,SPLICE,p.?,c.2601G>T,867,null,false
FANCA Gly689Asp,FANCA,TUMOR_SUPPRESSOR,MEDIUM,NON_HOTSPOT,true,MISSENSE,MISSENSE,p.Gly689Asp,c.2066G>A,689,null,false
FANCA Val679Gly,FANCA,TUMOR_SUPPRESSOR,LOW,NON_HOTSPOT,false,MISSENSE,MISSENSE,p.Val679Gly,c.2036T>G,679,null,false
FANCA Lys70Arg,FANCA,TUMOR_SUPPRESSOR,HIGH,NON_HOTSPOT,true,MISSENSE,MISSENSE,p.Lys70Arg,c.209A>G,70,null,false
FANCD2 Arg119His,FANCD2,TUMOR_SUPPRESSOR,HIGH,NON_HOTSPOT,true,MISSENSE,MISSENSE,p.Arg119His,c.356G>A,119,null,false
FANCD2 Ser271Leu,FANCD2,TUMOR_SUPPRESSOR,HIGH,NON_HOTSPOT,false,MISSENSE,MISSENSE,p.Ser271Leu,c.812C>T,271,null,false
FANCD2 Glu303Gly,FANCD2,TUMOR_SUPPRESSOR,MEDIUM,NON_HOTSPOT,false,MISSENSE,MISSENSE,p.Glu303Gly,c.908A>G,303,null,false
FANCD2 Arg408Gln,FANCD2,TUMOR_SUPPRESSOR,MEDIUM,NON_HOTSPOT,false,MISSENSE,MISSENSE,p.Arg408Gln,c.1223G>A,408,null,false
FANCD2 Ser437fs,FANCD2,TUMOR_SUPPRESSOR,HIGH,NON_HOTSPOT,false,FRAMESHIFT,NONSENSE_OR_FRAMESHIFT,p.Ser437fs,c.1310dupT,436,null,false
FANCD2 Ser564Cys,FANCD2,TUMOR_SUPPRESSOR,HIGH,NON_HOTSPOT,false,MISSENSE,MISSENSE,p.Ser564Cys,c.1691C>G,564,null,false
FANCD2 Asp645Tyr,FANCD2,TUMOR_SUPPRESSOR,MEDIUM,NON_HOTSPOT,true,MISSENSE,MISSENSE,p.Asp645Tyr,c.1933G>T,645,null,false
FANCD2 Glu970Lys,FANCD2,TUMOR_SUPPRESSOR,MEDIUM,NON_HOTSPOT,false,MISSENSE,MISSENSE,p.Glu970Lys,c.2908G>A,970,null,false
FANCD2 Tyr1267fs,FANCD2,TUMOR_SUPPRESSOR,MEDIUM,NON_HOTSPOT,false,FRAMESHIFT,NONSENSE_OR_FRAMESHIFT,p.Tyr1267fs,c.3799delT,1266,null,false
FANCE Arg92Trp,FANCE,TUMOR_SUPPRESSOR,HIGH,NON_HOTSPOT,true,MISSENSE,MISSENSE,p.Arg92Trp,c.274C>T,92,null,false
FANCE Ser380Cys,FANCE,TUMOR_SUPPRESSOR,MEDIUM,NON_HOTSPOT,false,MISSENSE,MISSENSE,p.Ser380Cys,c.1139C>G,380,null,false
FANCE Met437Val,FANCE,TUMOR_SUPPRESSOR,MEDIUM,NON_HOTSPOT,false,MISSENSE,MISSENSE,p.Met437Val,c.1309A>G,437,null,false
FANCG Ala265Val,FANCG,TUMOR_SUPPRESSOR,LOW,NON_HOTSPOT,false,MISSENSE,MISSENSE,p.Ala265Val,c.794C>T,265,null,false
FANCI Gly422fs,FANCI,TUMOR_SUPPRESSOR,LOW,NON_HOTSPOT,false,FRAMESHIFT,NONSENSE_OR_FRAMESHIFT,p.Gly422fs,c.1264_1265insGA,421,null,false
FANCI Gln961_Phe962insTrpGln,FANCI,TUMOR_SUPPRESSOR,HIGH,NON_HOTSPOT,false,INFRAME_INSERTION,MISSENSE,p.Gln961_Phe962insTrpGln,c.2885_2890dupGGCAAT,960,null,false
FANCI Cys1014Tyr,FANCI,TUMOR_SUPPRESSOR,LOW,NON_HOTSPOT,false,MISSENSE,MISSENSE,p.Cys1014Tyr,c.3041G>A,1014,null,false
FANCI Leu1141Pro,FANCI,TUMOR_SUPPRESSOR,LOW,NON_HOTSPOT,false,MISSENSE,MISSENSE,p.Leu1141Pro,c.3422T>C,1141,null,false
FANCI Val1236Ala,FANCI,TUMOR_SUPPRESSOR,LOW,NON_HOTSPOT,true,MISSENSE,MISSENSE,p.Val1236Ala,c.3707T>C,1236,null,false
FANCI Arg1285*,FANCI,TUMOR_SUPPRESSOR,LOW,NON_HOTSPOT,false,STOP_GAINED,NONSENSE_OR_FRAMESHIFT,p.Arg1285*,c.3853C>T,1285,null,false
FANCL Ile243Thr,FANCL,TUMOR_SUPPRESSOR,MEDIUM,NON_HOTSPOT,false,MISSENSE,MISSENSE,p.Ile243Thr,c.728T>C,243,null,false
FANCL Ala129Val,FANCL,TUMOR_SUPPRESSOR,MEDIUM,NON_HOTSPOT,false,MISSENSE,MISSENSE,p.Ala129Val,c.386C>T,129,null,false
FANCL ?,FANCL,TUMOR_SUPPRESSOR,MEDIUM,NON_HOTSPOT,false,SPLICE_DONOR|INTRONIC,SPLICE,p.?,c.216+2dupT,72,null,false
FANCL Leu8Met,FANCL,TUMOR_SUPPRESSOR,HIGH,NON_HOTSPOT,true,MISSENSE,MISSENSE,p.Leu8Met,c.22C>A,8,null,false
FAS His53Tyr,FAS,TUMOR_SUPPRESSOR,MEDIUM,NON_HOTSPOT,false,MISSENSE,MISSENSE,p.His53Tyr,c.157C>T,53,null,false
FAT1 Val4559Leu,FAT1,TUMOR_SUPPRESSOR,HIGH,NON_HOTSPOT,true,MISSENSE,MISSENSE,p.Val4559Leu,c.13675G>C,4559,null,false
FAT1 Tyr4037Phe,FAT1,TUMOR_SUPPRESSOR,HIGH,NON_HOTSPOT,true,MISSENSE,MISSENSE,p.Tyr4037Phe,c.12110A>T,4037,null,false
FAT1 Tyr3862dup,FAT1,TUMOR_SUPPRESSOR,HIGH,NON_HOTSPOT,true,INFRAME_INSERTION,MISSENSE,p.Tyr3862dup,c.11585_11587dupATT,3863,null,false
FAT1 Phe3697fs,FAT1,TUMOR_SUPPRESSOR,HIGH,NON_HOTSPOT,false,STOP_GAINED|FRAMESHIFT,NONSENSE_OR_FRAMESHIFT,p.Phe3697fs,c.11091delT,3697,null,false
FAT1 Arg3158Gln,FAT1,TUMOR_SUPPRESSOR,HIGH,NON_HOTSPOT,true,MISSENSE,MISSENSE,p.Arg3158Gln,c.9473G>A,3158,null,false
FAT1 Ser2259Pro,FAT1,TUMOR_SUPPRESSOR,MEDIUM,NON_HOTSPOT,false,MISSENSE,MISSENSE,p.Ser2259Pro,c.6775T>C,2259,null,false
FAT1 Ser2029*,FAT1,TUMOR_SUPPRESSOR,MEDIUM,NON_HOTSPOT,false,STOP_GAINED,NONSENSE_OR_FRAMESHIFT,p.Ser2029*,c.6086C>G,2029,null,false
FAT1 Pro1877Ala,FAT1,TUMOR_SUPPRESSOR,HIGH,NON_HOTSPOT,true,MISSENSE,MISSENSE,p.Pro1877Ala,c.5629C>G,1877,null,false
FAT1 Glu1296Gly,FAT1,TUMOR_SUPPRESSOR,HIGH,NON_HOTSPOT,true,MISSENSE,MISSENSE,p.Glu1296Gly,c.3887A>G,1296,null,false
FAT1 Asp1066Gly,FAT1,TUMOR_SUPPRESSOR,MEDIUM,NON_HOTSPOT,true,MISSENSE,MISSENSE,p.Asp1066Gly,c.3197A>G,1066,null,false
FAT1 Val945Ile,FAT1,TUMOR_SUPPRESSOR,HIGH,NON_HOTSPOT,true,MISSENSE,MISSENSE,p.Val945Ile,c.2833G>A,945,null,false
FAT1 Val623Leu,FAT1,TUMOR_SUPPRESSOR,HIGH,NON_HOTSPOT,true,MISSENSE,MISSENSE,p.Val623Leu,c.1867G>T,623,null,false
FAT1 Gly342Ala,FAT1,TUMOR_SUPPRESSOR,HIGH,NON_HOTSPOT,true,MISSENSE,MISSENSE,p.Gly342Ala,c.1025G>C,342,null,false
FAT1 Gly182Arg,FAT1,TUMOR_SUPPRESSOR,HIGH,NON_HOTSPOT,true,MISSENSE,MISSENSE,p.Gly182Arg,c.544G>A,182,null,false
FAT1 Thr42Asn,FAT1,TUMOR_SUPPRESSOR,HIGH,NON_HOTSPOT,true,MISSENSE,MISSENSE,p.Thr42Asn,c.125C>A,42,null,false
FBXW7 Gly423Val,FBXW7,TUMOR_SUPPRESSOR,MEDIUM,NEAR_HOTSPOT,false,MISSENSE,MISSENSE,p.Gly423Val,c.1268G>T,423,null,false
FBXW7 Asp254His,FBXW7,TUMOR_SUPPRESSOR,MEDIUM,NON_HOTSPOT,false,MISSENSE,MISSENSE,p.Asp254His,c.760G>C,254,null,false
FGF10 Met1?,FGF10,TUMOR_SUPPRESSOR,MEDIUM,NON_HOTSPOT,false,START_LOST,NONSENSE_OR_FRAMESHIFT,p.Met1?,c.3G>A,1,null,false
FGF14 Leu178fs,FGF14,TUMOR_SUPPRESSOR,MEDIUM,NON_HOTSPOT,false,FRAMESHIFT,NONSENSE_OR_FRAMESHIFT,p.Leu178fs,c.533delT,178,null,false
FGF23 Pro201Leu,FGF23,TUMOR_SUPPRESSOR,MEDIUM,NON_HOTSPOT,false,MISSENSE,MISSENSE,p.Pro201Leu,c.602C>T,201,null,false
FGF23 Glu186Lys,FGF23,TUMOR_SUPPRESSOR,MEDIUM,NON_HOTSPOT,false,MISSENSE,MISSENSE,p.Glu186Lys,c.556G>A,186,null,false
FGF4 Ala8Lys,FGF4,TUMOR_SUPPRESSOR,HIGH,NON_HOTSPOT,true,MISSENSE,MISSENSE,p.Ala8Lys,c.22_23delGCinsAA,8,null,false
FGF5 Gly111*,FGF5,TUMOR_SUPPRESSOR,MEDIUM,NON_HOTSPOT,false,STOP_GAINED,NONSENSE_OR_FRAMESHIFT,p.Gly111*,c.331G>T,111,null,false
FGF8 Arg233His,FGF8,TUMOR_SUPPRESSOR,LOW,NON_HOTSPOT,true,MISSENSE,MISSENSE,p.Arg233His,c.698G>A,233,null,false
FGF8 Tyr83_Thr89del,FGF8,TUMOR_SUPPRESSOR,LOW,NON_HOTSPOT,false,INFRAME_DELETION,MISSENSE,p.Tyr83_Thr89del,c.247_267delTACCAACTCTACAGCCGCACC,82,null,false
FGF9 Thr178Asn,FGF9,TUMOR_SUPPRESSOR,LOW,NON_HOTSPOT,false,MISSENSE,MISSENSE,p.Thr178Asn,c.533C>A,178,null,false
FGFR1 Arg815Trp,FGFR1,ONCOGENIC,LOW,NON_HOTSPOT,true,MISSENSE,MISSENSE,p.Arg815Trp,c.2443C>T,815,null,false
FGFR1 Leu90Met,FGFR1,ONCOGENIC,LOW,NON_HOTSPOT,true,MISSENSE,MISSENSE,p.Leu90Met,c.268C>A,90,null,false
FGFR2 Pro726Thr,FGFR2,ONCOGENIC,MEDIUM,NON_HOTSPOT,false,MISSENSE,MISSENSE,p.Pro726Thr,c.2176C>A,726,null,false
FGFR2 Pro582Leu,FGFR2,ONCOGENIC,LOW,NON_HOTSPOT,false,MISSENSE,MISSENSE,p.Pro582Leu,c.1745C>T,582,null,false
FGFR2 Asn550Lys,FGFR2,ONCOGENIC,HIGH,HOTSPOT,false,MISSENSE,MISSENSE,p.Asn550Lys,c.1650T>A,550,null,false
FGFR2 Cys383Arg,FGFR2,ONCOGENIC,HIGH,HOTSPOT,false,MISSENSE,MISSENSE,p.Cys383Arg,c.1147T>C,383,null,false
FGFR2 Ser145Ile,FGFR2,ONCOGENIC,MEDIUM,NON_HOTSPOT,false,MISSENSE,MISSENSE,p.Ser145Ile,c.434G>T,145,null,false
FGFR3 ?,FGFR3,ONCOGENIC,LOW,NON_HOTSPOT,false,SPLICE_DONOR|MISSENSE,SPLICE,p.?,c.739G>C,247,null,false
FGFR3 Arg473Trp,FGFR3,ONCOGENIC,LOW,NON_HOTSPOT,true,MISSENSE,MISSENSE,p.Arg473Trp,c.1417C>T,473,null,false
FGFR3 Met715Ile,FGFR3,ONCOGENIC,LOW,NON_HOTSPOT,true,MISSENSE,MISSENSE,p.Met715Ile,c.2145G>A,715,null,false
FGFR4 Arg2Trp,FGFR4,ONCOGENIC,LOW,NON_HOTSPOT,false,MISSENSE,MISSENSE,p.Arg2Trp,c.4C>T,2,null,false
FGFR4 Ala190Thr,FGFR4,ONCOGENIC,LOW,NON_HOTSPOT,true,MISSENSE,MISSENSE,p.Ala190Thr,c.568G>A,190,null,false
FGFR4 Asn535Lys,FGFR4,ONCOGENIC,HIGH,HOTSPOT,false,MISSENSE,MISSENSE,p.Asn535Lys,c.1605C>A,535,null,false
FGFR4 Gly576Ser,FGFR4,ONCOGENIC,LOW,NON_HOTSPOT,true,MISSENSE,MISSENSE,p.Gly576Ser,c.1726G>A,576,null,false
FH Ala472Val,FH,TUMOR_SUPPRESSOR,HIGH,NON_HOTSPOT,true,MISSENSE,MISSENSE,p.Ala472Val,c.1415C>T,472,null,false
FH Ala327Thr,FH,TUMOR_SUPPRESSOR,HIGH,NON_HOTSPOT,false,MISSENSE,MISSENSE,p.Ala327Thr,c.979G>A,327,null,false
FH Thr85Arg,FH,TUMOR_SUPPRESSOR,MEDIUM,NON_HOTSPOT,false,MISSENSE,MISSENSE,p.Thr85Arg,c.254C>G,85,null,false
FLCN Asp198Asn,FLCN,TUMOR_SUPPRESSOR,LOW,NON_HOTSPOT,true,MISSENSE,MISSENSE,p.Asp198Asn,c.592G>A,198,null,false
FLCN Ile180Met,FLCN,TUMOR_SUPPRESSOR,LOW,NON_HOTSPOT,true,MISSENSE,MISSENSE,p.Ile180Met,c.540C>G,180,null,false
FLCN Arg168Cys,FLCN,TUMOR_SUPPRESSOR,LOW,NON_HOTSPOT,false,MISSENSE,MISSENSE,p.Arg168Cys,c.502C>T,168,null,false
FLI1 Pro328Leu,FLI1,ONCOGENIC,MEDIUM,NON_HOTSPOT,false,MISSENSE,MISSENSE,p.Pro328Leu,c.983C>T,328,null,false
FLT1 Gly1096Val,FLT1,TUMOR_SUPPRESSOR,LOW,NON_HOTSPOT,false,MISSENSE,MISSENSE,p.Gly1096Val,c.3287G>T,1096,null,false
FLT1 Ala769Val,FLT1,TUMOR_SUPPRESSOR,LOW,NON_HOTSPOT,true,MISSENSE,MISSENSE,p.Ala769Val,c.2306C>T,769,null,false
FLT1 Thr633Ile,FLT1,TUMOR_SUPPRESSOR,LOW,NON_HOTSPOT,false,MISSENSE,MISSENSE,p.Thr633Ile,c.1898C>T,633,null,false
FLT1 Asp394Val,FLT1,TUMOR_SUPPRESSOR,LOW,NON_HOTSPOT,true,MISSENSE,MISSENSE,p.Asp394Val,c.1181A>T,394,null,false
FLT3 Arg234Lys,FLT3,ONCOGENIC,LOW,NON_HOTSPOT,true,MISSENSE,MISSENSE,p.Arg234Lys,c.701G>A,234,null,false
FLT3 Ala97Val,FLT3,ONCOGENIC,LOW,NON_HOTSPOT,true,MISSENSE,MISSENSE,p.Ala97Val,c.288_290delCGCinsTGT,96,null,false
FLT4 Ala1143Thr,FLT4,ONCOGENIC,LOW,NON_HOTSPOT,false,MISSENSE,MISSENSE,p.Ala1143Thr,c.3427G>A,1143,null,false
FLT4 Glu951del,FLT4,ONCOGENIC,HIGH,NON_HOTSPOT,false,INFRAME_DELETION,MISSENSE,p.Glu951del,c.2851_2853delGAG,951,null,false
FLT4 Trp838Cys,FLT4,ONCOGENIC,LOW,NON_HOTSPOT,false,MISSENSE,MISSENSE,p.Trp838Cys,c.2514G>C,838,null,false
FLT4 Ala447Val,FLT4,ONCOGENIC,LOW,NON_HOTSPOT,false,MISSENSE,MISSENSE,p.Ala447Val,c.1340C>T,447,null,false
FOXA1 Glu421Lys,FOXA1,ONCOGENIC,MEDIUM,NON_HOTSPOT,false,MISSENSE,MISSENSE,p.Glu421Lys,c.1261G>A,421,null,false
FOXA1 Asn404del,FOXA1,ONCOGENIC,HIGH,NON_HOTSPOT,false,INFRAME_DELETION,MISSENSE,p.Asn404del,c.1210_1212delAAC,403,null,false
FOXA1 Ile402del,FOXA1,ONCOGENIC,HIGH,NON_HOTSPOT,false,INFRAME_DELETION,MISSENSE,p.Ile402del,c.1205_1207delTCA,402,null,false
FOXA1 Ile402del,FOXA1,ONCOGENIC,HIGH,NON_HOTSPOT,false,INFRAME_DELETION,MISSENSE,p.Ile402del,c.1205_1207delTCA,402,null,false
FOXA1 Pro399Val,FOXA1,ONCOGENIC,MEDIUM,NON_HOTSPOT,true,MISSENSE,MISSENSE,p.Pro399Val,c.1195_1196delCCinsGT,399,null,false
FOXA1 Phe266Val,FOXA1,ONCOGENIC,HIGH,NON_HOTSPOT,false,MISSENSE,MISSENSE,p.Phe266Val,c.796T>G,266,null,false
FOXA1 Arg261Cys,FOXA1,ONCOGENIC,HIGH,NON_HOTSPOT,false,MISSENSE,MISSENSE,p.Arg261Cys,c.781C>T,261,null,false
FOXA1 Asp226Asn,FOXA1,ONCOGENIC,HIGH,NON_HOTSPOT,false,MISSENSE,MISSENSE,p.Asp226Asn,c.676G>A,226,null,false
FOXA1 Ile176Met,FOXA1,ONCOGENIC,HIGH,NON_HOTSPOT,false,MISSENSE,MISSENSE,p.Ile176Met,c.528C>G,176,null,false
FOXA1 Tyr47_Thr52del,FOXA1,ONCOGENIC,HIGH,NON_HOTSPOT,false,INFRAME_DELETION,MISSENSE,p.Tyr47_Thr52del,c.139_156delTACATGACCATGAACACC,46,null,false
FOXL2 Cys134Trp,FOXL2,ONCOGENIC,HIGH,HOTSPOT,true,MISSENSE,MISSENSE,p.Cys134Trp,c.402C>G,134,null,false
FOXL2 Cys134Trp,FOXL2,ONCOGENIC,HIGH,HOTSPOT,false,MISSENSE,MISSENSE,p.Cys134Trp,c.402C>G,134,null,false
FRS2 Gln341His,FRS2,TUMOR_SUPPRESSOR,LOW,NON_HOTSPOT,false,MISSENSE,MISSENSE,p.Gln341His,c.1023G>C,341,null,false
FYN Trp450*,FYN,TUMOR_SUPPRESSOR,LOW,NON_HOTSPOT,false,STOP_GAINED,NONSENSE_OR_FRAMESHIFT,p.Trp450*,c.1349G>A,450,null,false
GABRA6 Val314Ile,GABRA6,TUMOR_SUPPRESSOR,MEDIUM,NON_HOTSPOT,false,MISSENSE,MISSENSE,p.Val314Ile,c.940G>A,314,null,false
GABRA6 Ala428Val,GABRA6,TUMOR_SUPPRESSOR,HIGH,NON_HOTSPOT,true,MISSENSE,MISSENSE,p.Ala428Val,c.1283C>T,428,null,false
GATA1 Tyr63_Ala68del,GATA1,TUMOR_SUPPRESSOR,HIGH,NON_HOTSPOT,true,INFRAME_DELETION,MISSENSE,p.Tyr63_Ala68del,c.192_209delGGACGCTGAGGCCTACAG,62,null,false
GATA2 Lys405Asn,GATA2,ONCOGENIC,MEDIUM,NON_HOTSPOT,true,MISSENSE,MISSENSE,p.Lys405Asn,c.1215G>T,405,null,false
GATA2 Tyr59Cys,GATA2,ONCOGENIC,LOW,NON_HOTSPOT,false,MISSENSE,MISSENSE,p.Tyr59Cys,c.176A>G,59,null,false
GATA3 Pro236Ala,GATA3,TUMOR_SUPPRESSOR,MEDIUM,NON_HOTSPOT,false,MISSENSE,MISSENSE,p.Pro236Ala,c.706C>G,236,null,false
GATA3 Ser238Asn,GATA3,TUMOR_SUPPRESSOR,HIGH,NON_HOTSPOT,true,MISSENSE,MISSENSE,p.Ser238Asn,c.713G>A,238,null,false
GATA3 Asp336fs,GATA3,TUMOR_SUPPRESSOR,HIGH,HOTSPOT,false,FRAMESHIFT,NONSENSE_OR_FRAMESHIFT,p.Asp336fs,c.1007dupG,334,null,false
GATA4 Thr366Met,GATA4,TUMOR_SUPPRESSOR,LOW,NON_HOTSPOT,true,MISSENSE,MISSENSE,p.Thr366Met,c.1097C>T,366,null,false
GEN1 Arg240Trp,GEN1,TUMOR_SUPPRESSOR,MEDIUM,NON_HOTSPOT,true,MISSENSE,MISSENSE,p.Arg240Trp,c.718C>T,240,null,false
GLI1 Thr176Ser,GLI1,ONCOGENIC,MEDIUM,NON_HOTSPOT,true,MISSENSE,MISSENSE,p.Thr176Ser,c.526A>T,176,null,false
GNA13 ?,GNA13,TUMOR_SUPPRESSOR,MEDIUM,NON_HOTSPOT,false,SPLICE_DONOR|INTRONIC,SPLICE,p.?,c.283+1G>T,95,null,false
GNAS Ala37Pro,GNAS,ONCOGENIC,MEDIUM,NON_HOTSPOT,false,MISSENSE,MISSENSE,p.Ala37Pro,c.109G>C,37,null,false
GNAS Val61Phe,GNAS,ONCOGENIC,MEDIUM,NON_HOTSPOT,false,MISSENSE,MISSENSE,p.Val61Phe,c.180_181delCGinsGT,60,null,false
GNAS Ala314Thr,GNAS,ONCOGENIC,MEDIUM,NON_HOTSPOT,false,MISSENSE,MISSENSE,p.Ala314Thr,c.940G>A,314,null,false
GNAS Arg544del,GNAS,ONCOGENIC,HIGH,NON_HOTSPOT,false,INFRAME_DELETION,MISSENSE,p.Arg544del,c.1631_1633delGGC,543,null,false
GNAS Arg656Gln,GNAS,ONCOGENIC,MEDIUM,NON_HOTSPOT,false,MISSENSE,MISSENSE,p.Arg656Gln,c.1967G>A,656,null,false
GNAS Glu662Gly,GNAS,ONCOGENIC,MEDIUM,NON_HOTSPOT,false,MISSENSE,MISSENSE,p.Glu662Gly,c.1985A>G,662,null,false
GNAS Ala795Ser,GNAS,ONCOGENIC,MEDIUM,NON_HOTSPOT,false,MISSENSE,MISSENSE,p.Ala795Ser,c.2383G>T,795,null,false
GNAS Arg844Cys,GNAS,ONCOGENIC,HIGH,HOTSPOT,false,MISSENSE,MISSENSE,p.Arg844Cys,c.2530C>T,844,null,false
GPS2 Gln224*,GPS2,TUMOR_SUPPRESSOR,HIGH,NON_HOTSPOT,true,STOP_GAINED,NONSENSE_OR_FRAMESHIFT,p.Gln224*,c.670C>T,224,null,false
GPS2 Gln224*,GPS2,TUMOR_SUPPRESSOR,LOW,NON_HOTSPOT,false,STOP_GAINED,NONSENSE_OR_FRAMESHIFT,p.Gln224*,c.670C>T,224,null,false
GPS2 Ser167*,GPS2,TUMOR_SUPPRESSOR,LOW,NON_HOTSPOT,false,STOP_GAINED,NONSENSE_OR_FRAMESHIFT,p.Ser167*,c.500C>A,167,null,false
GPS2 Ser113*,GPS2,TUMOR_SUPPRESSOR,LOW,NON_HOTSPOT,false,STOP_GAINED,NONSENSE_OR_FRAMESHIFT,p.Ser113*,c.338C>G,113,null,false
GPS2 Leu79*,GPS2,TUMOR_SUPPRESSOR,LOW,NON_HOTSPOT,false,STOP_GAINED,NONSENSE_OR_FRAMESHIFT,p.Leu79*,c.235_236delCTinsTA,79,null,false
GRIN2A Leu1357Val,GRIN2A,TUMOR_SUPPRESSOR,LOW,NON_HOTSPOT,false,MISSENSE,MISSENSE,p.Leu1357Val,c.4069C>G,1357,null,false
GRIN2A Phe847Leu,GRIN2A,TUMOR_SUPPRESSOR,MEDIUM,NON_HOTSPOT,false,MISSENSE,MISSENSE,p.Phe847Leu,c.2541C>G,847,null,false
GRIN2A Gly744Ala,GRIN2A,TUMOR_SUPPRESSOR,MEDIUM,NON_HOTSPOT,false,MISSENSE,MISSENSE,p.Gly744Ala,c.2231G>C,744,null,false
GRIN2A Thr690Lys,GRIN2A,TUMOR_SUPPRESSOR,LOW,NON_HOTSPOT,false,MISSENSE,MISSENSE,p.Thr690Lys,c.2069C>A,690,null,false
GRIN2A Val544Ile,GRIN2A,TUMOR_SUPPRESSOR,MEDIUM,NON_HOTSPOT,false,MISSENSE,MISSENSE,p.Val544Ile,c.1630G>A,544,null,false
GRIN2A Val417Ile,GRIN2A,TUMOR_SUPPRESSOR,MEDIUM,NON_HOTSPOT,false,MISSENSE,MISSENSE,p.Val417Ile,c.1249G>A,417,null,false
GRIN2A Val389Met,GRIN2A,TUMOR_SUPPRESSOR,MEDIUM,NON_HOTSPOT,false,MISSENSE,MISSENSE,p.Val389Met,c.1165G>A,389,null,false
GRM3 Val689Ile,GRM3,ONCOGENIC,LOW,NON_HOTSPOT,false,MISSENSE,MISSENSE,p.Val689Ile,c.2065G>A,689,null,false
HGF Glu526Gln,HGF,TUMOR_SUPPRESSOR,MEDIUM,NON_HOTSPOT,false,MISSENSE,MISSENSE,p.Glu526Gln,c.1576G>C,526,null,false
HGF Glu210Lys,HGF,TUMOR_SUPPRESSOR,LOW,NON_HOTSPOT,false,MISSENSE,MISSENSE,p.Glu210Lys,c.628G>A,210,null,false
HNF1A Gln607His,HNF1A,TUMOR_SUPPRESSOR,LOW,NON_HOTSPOT,false,MISSENSE,MISSENSE,p.Gln607His,c.1821G>C,607,null,false
HNRNPK ?,HNRNPK,TUMOR_SUPPRESSOR,LOW,NON_HOTSPOT,false,SPLICE_DONOR|INTRONIC,SPLICE,p.?,c.1008+2T>A,336,null,false
HNRNPK Asp319Asn,HNRNPK,TUMOR_SUPPRESSOR,LOW,NON_HOTSPOT,false,MISSENSE,MISSENSE,p.Asp319Asn,c.955G>A,319,null,false
HOXB13 Glu112*,HOXB13,TUMOR_SUPPRESSOR,MEDIUM,NON_HOTSPOT,false,STOP_GAINED,NONSENSE_OR_FRAMESHIFT,p.Glu112*,c.334G>T,112,null,false
HOXB13 Glu58Gln,HOXB13,TUMOR_SUPPRESSOR,LOW,NON_HOTSPOT,false,MISSENSE,MISSENSE,p.Glu58Gln,c.172G>C,58,null,false
HOXB13 Ala38Gly,HOXB13,TUMOR_SUPPRESSOR,MEDIUM,NON_HOTSPOT,false,MISSENSE,MISSENSE,p.Ala38Gly,c.113C>G,38,null,false
HSD3B1 Arg196Gln,HSD3B1,TUMOR_SUPPRESSOR,LOW,NON_HOTSPOT,false,MISSENSE,MISSENSE,p.Arg196Gln,c.587G>A,196,null,false
HSP90AA1 Glu583Lys,HSP90AA1,ONCOGENIC,LOW,NON_HOTSPOT,false,MISSENSE,MISSENSE,p.Glu583Lys,c.1747G>A,583,null,false
HSP90AA1 Asn566Asp,HSP90AA1,ONCOGENIC,LOW,NON_HOTSPOT,false,MISSENSE,MISSENSE,p.Asn566Asp,c.1696A>G,566,null,false
ICOSLG Asn173Ser,ICOSLG,TUMOR_SUPPRESSOR,LOW,NON_HOTSPOT,false,MISSENSE,MISSENSE,p.Asn173Ser,c.518A>G,173,null,false
ICOSLG Asp32Tyr,ICOSLG,TUMOR_SUPPRESSOR,LOW,NON_HOTSPOT,true,MISSENSE,MISSENSE,p.Asp32Tyr,c.94G>T,32,null,false
ID3 Leu108Val,ID3,TUMOR_SUPPRESSOR,LOW,NON_HOTSPOT,false,MISSENSE,MISSENSE,p.Leu108Val,c.322C>G,108,null,false
ID3 Val73Leu,ID3,TUMOR_SUPPRESSOR,LOW,NON_HOTSPOT,false,MISSENSE,MISSENSE,p.Val73Leu,c.217G>C,73,null,false
ID3 Gln63His,ID3,TUMOR_SUPPRESSOR,LOW,NON_HOTSPOT,false,MISSENSE,MISSENSE,p.Gln63His,c.189G>C,63,null,false
IGF1 Gln161Glu,IGF1,TUMOR_SUPPRESSOR,LOW,NON_HOTSPOT,false,MISSENSE,MISSENSE,p.Gln161Glu,c.481C>G,161,null,false
IGF2 Pro229Gln,IGF2,TUMOR_SUPPRESSOR,MEDIUM,NON_HOTSPOT,false,MISSENSE,MISSENSE,p.Pro229Gln,c.686C>A,229,null,false
IGF2 Arg206Trp,IGF2,TUMOR_SUPPRESSOR,MEDIUM,NON_HOTSPOT,false,MISSENSE,MISSENSE,p.Arg206Trp,c.616A>T,206,null,false
IGF2 Glu203Lys,IGF2,TUMOR_SUPPRESSOR,MEDIUM,NON_HOTSPOT,true,MISSENSE,MISSENSE,p.Glu203Lys,c.607G>A,203,null,false
IGF2 Asp173Asn,IGF2,TUMOR_SUPPRESSOR,MEDIUM,NON_HOTSPOT,false,MISSENSE,MISSENSE,p.Asp173Asn,c.517G>A,173,null,false
IKZF1 Val433Ile,IKZF1,TUMOR_SUPPRESSOR,MEDIUM,NON_HOTSPOT,false,MISSENSE,MISSENSE,p.Val433Ile,c.1297G>A,433,null,false
IL7R Ser105Gly,IL7R,ONCOGENIC,LOW,NON_HOTSPOT,true,MISSENSE,MISSENSE,p.Ser105Gly,c.313A>G,105,null,false
IL7R Asp378Tyr,IL7R,ONCOGENIC,LOW,NON_HOTSPOT,false,MISSENSE,MISSENSE,p.Asp378Tyr,c.1132G>T,378,null,false
INHA Arg57Trp,INHA,TUMOR_SUPPRESSOR,MEDIUM,NON_HOTSPOT,true,MISSENSE,MISSENSE,p.Arg57Trp,c.169C>T,57,null,false
INHA Arg341Cys,INHA,TUMOR_SUPPRESSOR,LOW,NON_HOTSPOT,false,MISSENSE,MISSENSE,p.Arg341Cys,c.1021C>T,341,null,false
INPP4A Arg553Trp,INPP4A,TUMOR_SUPPRESSOR,MEDIUM,NON_HOTSPOT,false,MISSENSE,MISSENSE,p.Arg553Trp,c.1657C>T,553,null,false
INPP4A Pro777Leu,INPP4A,TUMOR_SUPPRESSOR,HIGH,NON_HOTSPOT,true,MISSENSE,MISSENSE,p.Pro777Leu,c.2330C>T,777,null,false
INPP4B ?,INPP4B,TUMOR_SUPPRESSOR,LOW,NON_HOTSPOT,false,SPLICE_DONOR|MISSENSE,SPLICE,p.?,c.1563G>T,521,null,false
INSR Ala1340Val,INSR,TUMOR_SUPPRESSOR,LOW,NON_HOTSPOT,true,MISSENSE,MISSENSE,p.Ala1340Val,c.4019C>T,1340,null,false
INSR Asp1293Asn,INSR,TUMOR_SUPPRESSOR,LOW,NON_HOTSPOT,false,MISSENSE,MISSENSE,p.Asp1293Asn,c.3877G>A,1293,null,false
INSR Arg1116His,INSR,TUMOR_SUPPRESSOR,LOW,NON_HOTSPOT,false,MISSENSE,MISSENSE,p.Arg1116His,c.3347G>A,1116,null,false
INSR Val867Ile,INSR,TUMOR_SUPPRESSOR,LOW,NON_HOTSPOT,true,MISSENSE,MISSENSE,p.Val867Ile,c.2599G>A,867,null,false
INSR Pro755Leu,INSR,TUMOR_SUPPRESSOR,LOW,NON_HOTSPOT,false,MISSENSE,MISSENSE,p.Pro755Leu,c.2264C>T,755,null,false
INSR Ala706Asp,INSR,TUMOR_SUPPRESSOR,LOW,NON_HOTSPOT,true,MISSENSE,MISSENSE,p.Ala706Asp,c.2117C>A,706,null,false
INSR Phe66Leu,INSR,TUMOR_SUPPRESSOR,LOW,NON_HOTSPOT,false,MISSENSE,MISSENSE,p.Phe66Leu,c.198C>G,66,null,false
IRF4 Pro191Arg,IRF4,TUMOR_SUPPRESSOR,LOW,NON_HOTSPOT,false,MISSENSE,MISSENSE,p.Pro191Arg,c.572C>G,191,null,false
IRF4 Pro271Ser,IRF4,TUMOR_SUPPRESSOR,LOW,NON_HOTSPOT,false,MISSENSE,MISSENSE,p.Pro271Ser,c.811C>T,271,null,false
IRF4 Pro407His,IRF4,TUMOR_SUPPRESSOR,LOW,NON_HOTSPOT,false,MISSENSE,MISSENSE,p.Pro407His,c.1220C>A,407,null,false
IRS1 Thr475Ile,IRS1,TUMOR_SUPPRESSOR,MEDIUM,NON_HOTSPOT,false,MISSENSE,MISSENSE,p.Thr475Ile,c.1424C>T,475,null,false
JAK1 Ile143fs,JAK1,TUMOR_SUPPRESSOR,HIGH,NON_HOTSPOT,false,FRAMESHIFT,NONSENSE_OR_FRAMESHIFT,p.Ile143fs,c.425dupA,142,null,false
JAK1 Val97Ile,JAK1,TUMOR_SUPPRESSOR,MEDIUM,NON_HOTSPOT,false,MISSENSE,MISSENSE,p.Val97Ile,c.289G>A,97,null,false
JAK2 Val617Phe,JAK2,ONCOGENIC,HIGH,HOTSPOT,false,MISSENSE,MISSENSE,p.Val617Phe,c.1849G>T,617,null,false
JAK3 Gln858His,JAK3,ONCOGENIC,LOW,NON_HOTSPOT,false,MISSENSE,MISSENSE,p.Gln858His,c.2574G>C,858,null,false
JAK3 Asp813Glu,JAK3,ONCOGENIC,LOW,NON_HOTSPOT,false,MISSENSE,MISSENSE,p.Asp813Glu,c.2439C>A,813,null,false
JAK3 Pro12Leu,JAK3,ONCOGENIC,LOW,NON_HOTSPOT,true,MISSENSE,MISSENSE,p.Pro12Leu,c.35C>T,12,null,false
JUN Arg302Thr,JUN,ONCOGENIC,LOW,NON_HOTSPOT,false,MISSENSE,MISSENSE,p.Arg302Thr,c.905G>C,302,null,false
JUN Gln206del,JUN,ONCOGENIC,HIGH,NON_HOTSPOT,true,INFRAME_DELETION,MISSENSE,p.Gln206del,c.617_619delAGC,206,null,false
JUN Gly185Asp,JUN,ONCOGENIC,LOW,NON_HOTSPOT,true,MISSENSE,MISSENSE,p.Gly185Asp,c.554G>A,185,null,false
JUN Gly158Asp,JUN,ONCOGENIC,LOW,NON_HOTSPOT,false,MISSENSE,MISSENSE,p.Gly158Asp,c.473G>A,158,null,false
KAT6A Gln1704His,KAT6A,ONCOGENIC,LOW,NON_HOTSPOT,true,MISSENSE,MISSENSE,p.Gln1704His,c.5112G>C,1704,null,false
KAT6A His1489Tyr,KAT6A,ONCOGENIC,LOW,NON_HOTSPOT,false,MISSENSE,MISSENSE,p.His1489Tyr,c.4465C>T,1489,null,false
KAT6A Thr1382Met,KAT6A,ONCOGENIC,LOW,NON_HOTSPOT,false,MISSENSE,MISSENSE,p.Thr1382Met,c.4145C>T,1382,null,false
KAT6A Gln1283_Glu1288del,KAT6A,ONCOGENIC,HIGH,NON_HOTSPOT,false,INFRAME_DELETION,MISSENSE,p.Gln1283_Glu1288del,c.3847_3864delCAGAGGCAGTCAGAGGAG,1282,null,false
KAT6A Thr1119Ser,KAT6A,ONCOGENIC,LOW,NON_HOTSPOT,true,MISSENSE,MISSENSE,p.Thr1119Ser,c.3356C>G,1119,null,false
KAT6A Tyr658Cys,KAT6A,ONCOGENIC,LOW,NON_HOTSPOT,false,MISSENSE,MISSENSE,p.Tyr658Cys,c.1973A>G,658,null,false
KAT6A Gln271Glu,KAT6A,ONCOGENIC,MEDIUM,NON_HOTSPOT,false,MISSENSE,MISSENSE,p.Gln271Glu,c.811C>G,271,null,false
KDM5A Gln1627His,KDM5A,ONCOGENIC,LOW,NON_HOTSPOT,false,MISSENSE,MISSENSE,p.Gln1627His,c.4881A>T,1627,null,false
KDM5A Glu1560Gln,KDM5A,ONCOGENIC,LOW,NON_HOTSPOT,false,MISSENSE,MISSENSE,p.Glu1560Gln,c.4678G>C,1560,null,false
KDM5A His936Asp,KDM5A,ONCOGENIC,LOW,NON_HOTSPOT,false,MISSENSE,MISSENSE,p.His936Asp,c.2806C>G,936,null,false
KDM5A His857Arg,KDM5A,ONCOGENIC,LOW,NON_HOTSPOT,false,MISSENSE,MISSENSE,p.His857Arg,c.2570A>G,857,null,false
KDM5A Asp260Gly,KDM5A,ONCOGENIC,LOW,NON_HOTSPOT,true,MISSENSE,MISSENSE,p.Asp260Gly,c.779A>G,260,null,false
KDM5A Gly208Asp,KDM5A,ONCOGENIC,LOW,NON_HOTSPOT,false,MISSENSE,MISSENSE,p.Gly208Asp,c.623G>A,208,null,false
KDM5C Glu1456Gln,KDM5C,TUMOR_SUPPRESSOR,LOW,NON_HOTSPOT,false,MISSENSE,MISSENSE,p.Glu1456Gln,c.4366G>C,1456,null,false
KDM5C Arg1212Trp,KDM5C,TUMOR_SUPPRESSOR,LOW,NON_HOTSPOT,false,MISSENSE,MISSENSE,p.Arg1212Trp,c.3634C>T,1212,null,false
KDM6A Asn444Ser,KDM6A,TUMOR_SUPPRESSOR,MEDIUM,NON_HOTSPOT,true,MISSENSE,MISSENSE,p.Asn444Ser,c.1331A>G,444,null,false
KDM6A Leu1106*,KDM6A,TUMOR_SUPPRESSOR,HIGH,NON_HOTSPOT,true,STOP_GAINED|FRAMESHIFT,NONSENSE_OR_FRAMESHIFT,p.Leu1106*,c.3316_3319dupTAAA,1104,null,false
KDM6A His1124fs,KDM6A,TUMOR_SUPPRESSOR,HIGH,NON_HOTSPOT,true,FRAMESHIFT,NONSENSE_OR_FRAMESHIFT,p.His1124fs,c.3371_3374delATAC,1123,null,false
KDM6A Phe1167Tyr,KDM6A,TUMOR_SUPPRESSOR,MEDIUM,NON_HOTSPOT,false,MISSENSE,MISSENSE,p.Phe1167Tyr,c.3500T>A,1167,null,false
KDM6A Asn1221Asp,KDM6A,TUMOR_SUPPRESSOR,MEDIUM,NON_HOTSPOT,true,MISSENSE,MISSENSE,p.Asn1221Asp,c.3661A>G,1221,null,false
KDM6A Gln1302Lys,KDM6A,TUMOR_SUPPRESSOR,MEDIUM,NON_HOTSPOT,false,MISSENSE,MISSENSE,p.Gln1302Lys,c.3904C>A,1302,null,false
KDR Ser1303Asn,KDR,ONCOGENIC,MEDIUM,NON_HOTSPOT,false,MISSENSE,MISSENSE,p.Ser1303Asn,c.3908G>A,1303,null,false
KDR Met1135_Tyr1136delinsIleAsn,KDR,ONCOGENIC,MEDIUM,NON_HOTSPOT,false,MISSENSE,MISSENSE,p.Met1135_Tyr1136delinsIleAsn,c.3405_3406delGTinsAA,1135,null,false
KDR Asn719Thr,KDR,ONCOGENIC,MEDIUM,NEAR_HOTSPOT,false,MISSENSE,MISSENSE,p.Asn719Thr,c.2156A>C,719,null,false
KDR Val567Met,KDR,ONCOGENIC,HIGH,NON_HOTSPOT,false,MISSENSE,MISSENSE,p.Val567Met,c.1699G>A,567,null,false
KDR Thr139Ala,KDR,ONCOGENIC,HIGH,NON_HOTSPOT,true,MISSENSE,MISSENSE,p.Thr139Ala,c.415A>G,139,null,false
KDR Arg106Trp,KDR,ONCOGENIC,MEDIUM,NON_HOTSPOT,false,MISSENSE,MISSENSE,p.Arg106Trp,c.316C>T,106,null,false
KDR Leu31Pro,KDR,ONCOGENIC,MEDIUM,NON_HOTSPOT,true,MISSENSE,MISSENSE,p.Leu31Pro,c.92T>C,31,null,false
KEL Ala423Val,KEL,TUMOR_SUPPRESSOR,LOW,NON_HOTSPOT,false,MISSENSE,MISSENSE,p.Ala423Val,c.1268C>T,423,null,false
KEL Gly263Arg,KEL,TUMOR_SUPPRESSOR,MEDIUM,NON_HOTSPOT,true,MISSENSE,MISSENSE,p.Gly263Arg,c.787G>A,263,null,false
KIF5B Ser938Asn,KIF5B,ONCOGENIC,MEDIUM,NON_HOTSPOT,false,MISSENSE,MISSENSE,p.Ser938Asn,c.2813G>A,938,null,false
KIF5B Thr451Met,KIF5B,ONCOGENIC,MEDIUM,NON_HOTSPOT,false,MISSENSE,MISSENSE,p.Thr451Met,c.1352C>T,451,null,false
KIT Trp66Leu,KIT,ONCOGENIC,MEDIUM,NON_HOTSPOT,false,MISSENSE,MISSENSE,p.Trp66Leu,c.197G>T,66,null,false
KIT Ala430Gly,KIT,ONCOGENIC,MEDIUM,NON_HOTSPOT,false,MISSENSE,MISSENSE,p.Ala430Gly,c.1289_1290delCAinsGT,430,null,false
KLHL6 Pro354Gln,KLHL6,TUMOR_SUPPRESSOR,LOW,NON_HOTSPOT,false,MISSENSE,MISSENSE,p.Pro354Gln,c.1061C>A,354,null,false
KMT2B Glu63Asp,KMT2B,TUMOR_SUPPRESSOR,MEDIUM,NON_HOTSPOT,true,MISSENSE,MISSENSE,p.Glu63Asp,c.189G>T,63,null,false
KMT2B Ala387Val,KMT2B,TUMOR_SUPPRESSOR,LOW,NON_HOTSPOT,false,MISSENSE,MISSENSE,p.Ala387Val,c.1160C>T,387,null,false
KMT2B Ala394Val,KMT2B,TUMOR_SUPPRESSOR,MEDIUM,NON_HOTSPOT,false,MISSENSE,MISSENSE,p.Ala394Val,c.1181C>T,394,null,false
KMT2B Pro404Leu,KMT2B,TUMOR_SUPPRESSOR,MEDIUM,NON_HOTSPOT,false,MISSENSE,MISSENSE,p.Pro404Leu,c.1211C>T,404,null,false
KMT2B Arg962Cys,KMT2B,TUMOR_SUPPRESSOR,MEDIUM,NON_HOTSPOT,false,MISSENSE,MISSENSE,p.Arg962Cys,c.2884C>T,962,null,false
KMT2B Leu1135Pro,KMT2B,TUMOR_SUPPRESSOR,LOW,NON_HOTSPOT,false,MISSENSE,MISSENSE,p.Leu1135Pro,c.3404T>C,1135,null,false
KMT2B ?,KMT2B,TUMOR_SUPPRESSOR,MEDIUM,NON_HOTSPOT,false,SPLICE_DONOR|MISSENSE,SPLICE,p.?,c.4302G>C,1434,null,false
KMT2B Ser1573Leu,KMT2B,TUMOR_SUPPRESSOR,MEDIUM,NON_HOTSPOT,false,MISSENSE,MISSENSE,p.Ser1573Leu,c.4718C>T,1573,null,false
KMT2B Glu2073*,KMT2B,TUMOR_SUPPRESSOR,MEDIUM,NON_HOTSPOT,false,STOP_GAINED,NONSENSE_OR_FRAMESHIFT,p.Glu2073*,c.6217G>T,2073,null,false
KMT2C Lys4391fs,KMT2C,TUMOR_SUPPRESSOR,HIGH,NON_HOTSPOT,false,FRAMESHIFT,NONSENSE_OR_FRAMESHIFT,p.Lys4391fs,c.13168delC,4389,null,false
KMT2C Ser3642Phe,KMT2C,TUMOR_SUPPRESSOR,MEDIUM,NON_HOTSPOT,false,MISSENSE,MISSENSE,p.Ser3642Phe,c.10925C>T,3642,null,false
KMT2C Pro3633Ser,KMT2C,TUMOR_SUPPRESSOR,MEDIUM,NON_HOTSPOT,false,MISSENSE,MISSENSE,p.Pro3633Ser,c.10897C>T,3633,null,false
KMT2C Arg3382Trp,KMT2C,TUMOR_SUPPRESSOR,HIGH,NON_HOTSPOT,true,MISSENSE,MISSENSE,p.Arg3382Trp,c.10144C>T,3382,null,false
KMT2C Gln3271*,KMT2C,TUMOR_SUPPRESSOR,HIGH,NON_HOTSPOT,false,STOP_GAINED,NONSENSE_OR_FRAMESHIFT,p.Gln3271*,c.9811C>T,3271,null,false
KMT2C Asn3108fs,KMT2C,TUMOR_SUPPRESSOR,MEDIUM,NON_HOTSPOT,false,STOP_GAINED|FRAMESHIFT,NONSENSE_OR_FRAMESHIFT,p.Asn3108fs,c.9324_9327delTAAA,3108,null,false
KMT2C Gln2997*,KMT2C,TUMOR_SUPPRESSOR,MEDIUM,NON_HOTSPOT,false,STOP_GAINED,NONSENSE_OR_FRAMESHIFT,p.Gln2997*,c.8989C>T,2997,null,false
KMT2C Gly2992Arg,KMT2C,TUMOR_SUPPRESSOR,MEDIUM,NON_HOTSPOT,true,MISSENSE,MISSENSE,p.Gly2992Arg,c.8974G>A,2992,null,false
KMT2C Ala2413Thr,KMT2C,TUMOR_SUPPRESSOR,MEDIUM,NON_HOTSPOT,false,MISSENSE,MISSENSE,p.Ala2413Thr,c.7237G>A,2413,null,false
KMT2C Ala2254Thr,KMT2C,TUMOR_SUPPRESSOR,HIGH,NON_HOTSPOT,true,MISSENSE,MISSENSE,p.Ala2254Thr,c.6760G>A,2254,null,false
KMT2C Gln1875*,KMT2C,TUMOR_SUPPRESSOR,HIGH,NON_HOTSPOT,false,STOP_GAINED,NONSENSE_OR_FRAMESHIFT,p.Gln1875*,c.5623C>T,1875,null,false
KMT2C Cys983Trp,KMT2C,TUMOR_SUPPRESSOR,MEDIUM,NON_HOTSPOT,false,MISSENSE,MISSENSE,p.Cys983Trp,c.2949T>G,983,null,false
KMT2C Val962Ile,KMT2C,TUMOR_SUPPRESSOR,MEDIUM,NON_HOTSPOT,false,MISSENSE,MISSENSE,p.Val962Ile,c.2884G>A,962,null,false
KMT2C Val961Ile,KMT2C,TUMOR_SUPPRESSOR,MEDIUM,NON_HOTSPOT,false,MISSENSE,MISSENSE,p.Val961Ile,c.2881G>A,961,null,false
KMT2C Gly917Arg,KMT2C,TUMOR_SUPPRESSOR,MEDIUM,NON_HOTSPOT,false,MISSENSE,MISSENSE,p.Gly917Arg,c.2749G>A,917,null,false
KMT2C Leu804Val,KMT2C,TUMOR_SUPPRESSOR,MEDIUM,NON_HOTSPOT,false,MISSENSE,MISSENSE,p.Leu804Val,c.2410C>G,804,null,false
KMT2C Ser763fs,KMT2C,TUMOR_SUPPRESSOR,HIGH,NON_HOTSPOT,false,FRAMESHIFT,NONSENSE_OR_FRAMESHIFT,p.Ser763fs,c.2287delT,762,null,false
KMT2C Leu596Val,KMT2C,TUMOR_SUPPRESSOR,MEDIUM,NON_HOTSPOT,true,MISSENSE,MISSENSE,p.Leu596Val,c.1786C>G,596,null,false
KMT2C Cys394Tyr,KMT2C,TUMOR_SUPPRESSOR,MEDIUM,NON_HOTSPOT,false,MISSENSE,MISSENSE,p.Cys394Tyr,c.1181G>A,394,null,false
KMT2C Phe357Ser,KMT2C,TUMOR_SUPPRESSOR,MEDIUM,NON_HOTSPOT,false,MISSENSE,MISSENSE,p.Phe357Ser,c.1070T>C,357,null,false
KMT2C ?,KMT2C,TUMOR_SUPPRESSOR,HIGH,NON_HOTSPOT,false,SPLICE_ACCEPTOR|INTRONIC,SPLICE,p.?,c.1013-2A>C,338,null,false
KMT2C Gly313Val,KMT2C,TUMOR_SUPPRESSOR,MEDIUM,NON_HOTSPOT,false,MISSENSE,MISSENSE,p.Gly313Val,c.938G>T,313,null,false
KMT2C Asn169Lys,KMT2C,TUMOR_SUPPRESSOR,MEDIUM,NON_HOTSPOT,false,MISSENSE,MISSENSE,p.Asn169Lys,c.507C>G,169,null,false
KMT2C Ile80Val,KMT2C,TUMOR_SUPPRESSOR,LOW,NON_HOTSPOT,false,MISSENSE,MISSENSE,p.Ile80Val,c.238A>G,80,null,false
KMT2D Trp5395*,KMT2D,TUMOR_SUPPRESSOR,MEDIUM,NON_HOTSPOT,false,STOP_GAINED,NONSENSE_OR_FRAMESHIFT,p.Trp5395*,c.16184G>A,5395,null,false
KMT2D Arg4825Trp,KMT2D,TUMOR_SUPPRESSOR,LOW,NON_HOTSPOT,true,MISSENSE,MISSENSE,p.Arg4825Trp,c.14473C>T,4825,null,false
KMT2D Leu4302Phe,KMT2D,TUMOR_SUPPRESSOR,LOW,NON_HOTSPOT,false,MISSENSE,MISSENSE,p.Leu4302Phe,c.12904C>T,4302,null,false
KMT2D Gln4220_Gln4221del,KMT2D,TUMOR_SUPPRESSOR,LOW,NON_HOTSPOT,false,INFRAME_DELETION,MISSENSE,p.Gln4220_Gln4221del,c.12659_12664delAGCAGC,4220,null,false
KMT2D Arg4198*,KMT2D,TUMOR_SUPPRESSOR,HIGH,NON_HOTSPOT,false,STOP_GAINED,NONSENSE_OR_FRAMESHIFT,p.Arg4198*,c.12592C>T,4198,null,false
KMT2D Gln3722_Leu3723dup,KMT2D,TUMOR_SUPPRESSOR,LOW,NON_HOTSPOT,false,INFRAME_INSERTION,MISSENSE,p.Gln3722_Leu3723dup,c.11162_11167dupTGCAGC,3723,null,false
KMT2D Gln2932fs,KMT2D,TUMOR_SUPPRESSOR,LOW,NON_HOTSPOT,false,FRAMESHIFT,NONSENSE_OR_FRAMESHIFT,p.Gln2932fs,c.8792dupC,2931,null,false
KMT2D Pro2759Arg,KMT2D,TUMOR_SUPPRESSOR,LOW,NON_HOTSPOT,false,MISSENSE,MISSENSE,p.Pro2759Arg,c.8276C>G,2759,null,false
KMT2D Arg2697Cys,KMT2D,TUMOR_SUPPRESSOR,LOW,NON_HOTSPOT,false,MISSENSE,MISSENSE,p.Arg2697Cys,c.8089C>T,2697,null,false
KMT2D Pro2400Ala,KMT2D,TUMOR_SUPPRESSOR,LOW,NON_HOTSPOT,false,MISSENSE,MISSENSE,p.Pro2400Ala,c.7198C>G,2400,null,false
KMT2D Ser2309*,KMT2D,TUMOR_SUPPRESSOR,MEDIUM,NON_HOTSPOT,false,STOP_GAINED,NONSENSE_OR_FRAMESHIFT,p.Ser2309*,c.6926C>A,2309,null,false
KMT2D Ser2281Ala,KMT2D,TUMOR_SUPPRESSOR,LOW,NON_HOTSPOT,false,MISSENSE,MISSENSE,p.Ser2281Ala,c.6841T>G,2281,null,false
KMT2D Gly2279Glu,KMT2D,TUMOR_SUPPRESSOR,LOW,NON_HOTSPOT,false,MISSENSE,MISSENSE,p.Gly2279Glu,c.6836G>A,2279,null,false
KMT2D Arg1704Trp,KMT2D,TUMOR_SUPPRESSOR,LOW,NON_HOTSPOT,false,MISSENSE,MISSENSE,p.Arg1704Trp,c.5110C>T,1704,null,false
KMT2D Cys1526Gly,KMT2D,TUMOR_SUPPRESSOR,LOW,NON_HOTSPOT,true,MISSENSE,MISSENSE,p.Cys1526Gly,c.4576T>G,1526,null,false
KMT2D Ser1031Ala,KMT2D,TUMOR_SUPPRESSOR,LOW,NON_HOTSPOT,false,MISSENSE,MISSENSE,p.Ser1031Ala,c.3091T>G,1031,null,false
KMT2D Arg466His,KMT2D,TUMOR_SUPPRESSOR,LOW,NON_HOTSPOT,true,MISSENSE,MISSENSE,p.Arg466His,c.1397G>A,466,null,false
KMT2D Cys392Arg,KMT2D,TUMOR_SUPPRESSOR,LOW,NON_HOTSPOT,true,MISSENSE,MISSENSE,p.Cys392Arg,c.1174T>C,392,null,false
KMT2D Glu107Lys,KMT2D,TUMOR_SUPPRESSOR,LOW,NON_HOTSPOT,false,MISSENSE,MISSENSE,p.Glu107Lys,c.319G>A,107,null,false
KRAS Gln61His,KRAS,ONCOGENIC,HIGH,HOTSPOT,false,MISSENSE,MISSENSE,p.Gln61His,c.183A>T,61,null,false
KRAS Gln61Arg,KRAS,ONCOGENIC,HIGH,HOTSPOT,false,MISSENSE,MISSENSE,p.Gln61Arg,c.182A>G,61,null,false
KRAS Gly12Val,KRAS,ONCOGENIC,HIGH,HOTSPOT,false,MISSENSE,MISSENSE,p.Gly12Val,c.35G>T,12,null,false
KRAS Gly12Asp,KRAS,ONCOGENIC,HIGH,HOTSPOT,false,MISSENSE,MISSENSE,p.Gly12Asp,c.35G>A,12,null,false
KRAS Gly12Asp,KRAS,ONCOGENIC,HIGH,HOTSPOT,true,MISSENSE,MISSENSE,p.Gly12Asp,c.35G>A,12,null,false
KRAS Gly12Leu,KRAS,ONCOGENIC,LOW,NEAR_HOTSPOT,false,MISSENSE,MISSENSE,p.Gly12Leu,c.34_35delGGinsCT,12,null,false
KRAS Gly12Cys,KRAS,ONCOGENIC,HIGH,HOTSPOT,false,MISSENSE,MISSENSE,p.Gly12Cys,c.34G>T,12,null,false
KRAS Gly12Arg,KRAS,ONCOGENIC,HIGH,HOTSPOT,false,MISSENSE,MISSENSE,p.Gly12Arg,c.34G>C,12,null,false
LAMP1 Leu170Pro,LAMP1,TUMOR_SUPPRESSOR,LOW,NON_HOTSPOT,false,MISSENSE,MISSENSE,p.Leu170Pro,c.509T>C,170,null,false
LATS1 Ile330Val,LATS1,TUMOR_SUPPRESSOR,HIGH,NON_HOTSPOT,true,MISSENSE,MISSENSE,p.Ile330Val,c.988A>G,330,null,false
LATS1 Asn128fs,LATS1,TUMOR_SUPPRESSOR,HIGH,NON_HOTSPOT,true,FRAMESHIFT,NONSENSE_OR_FRAMESHIFT,p.Asn128fs,c.384_388delCAGAA,128,null,false
LATS2 Arg945Gly,LATS2,TUMOR_SUPPRESSOR,LOW,NON_HOTSPOT,false,MISSENSE,MISSENSE,p.Arg945Gly,c.2833A>G,945,null,false
LATS2 Glu722Lys,LATS2,TUMOR_SUPPRESSOR,LOW,NON_HOTSPOT,false,MISSENSE,MISSENSE,p.Glu722Lys,c.2164G>A,722,null,false
LATS2 Arg170Lys,LATS2,TUMOR_SUPPRESSOR,LOW,NON_HOTSPOT,false,MISSENSE,MISSENSE,p.Arg170Lys,c.509G>A,170,null,false
LYN Leu305Phe,LYN,ONCOGENIC,LOW,NON_HOTSPOT,false,MISSENSE,MISSENSE,p.Leu305Phe,c.913C>T,305,null,false
LZTR1 Ala399Ser,LZTR1,TUMOR_SUPPRESSOR,MEDIUM,NON_HOTSPOT,false,MISSENSE,MISSENSE,p.Ala399Ser,c.1195G>T,399,null,false
LZTR1 Ala496Tyr,LZTR1,TUMOR_SUPPRESSOR,MEDIUM,NON_HOTSPOT,true,MISSENSE,MISSENSE,p.Ala496Tyr,c.1486_1487delGCinsTA,496,null,false
LZTR1 Glu584Ala,LZTR1,TUMOR_SUPPRESSOR,LOW,NON_HOTSPOT,false,MISSENSE,MISSENSE,p.Glu584Ala,c.1751A>C,584,null,false
MAGI2 Val971Glu,MAGI2,TUMOR_SUPPRESSOR,LOW,NON_HOTSPOT,false,MISSENSE,MISSENSE,p.Val971Glu,c.2912T>A,971,null,false
MAGI2 Ser522Asn,MAGI2,TUMOR_SUPPRESSOR,LOW,NON_HOTSPOT,false,MISSENSE,MISSENSE,p.Ser522Asn,c.1565G>A,522,null,false
MAGI2 Lys346Asn,MAGI2,TUMOR_SUPPRESSOR,MEDIUM,NON_HOTSPOT,true,MISSENSE,MISSENSE,p.Lys346Asn,c.1038A>C,346,null,false
MALT1 Arg374Thr,MALT1,ONCOGENIC,LOW,NON_HOTSPOT,false,MISSENSE,MISSENSE,p.Arg374Thr,c.1121G>C,374,null,false
MAP2K4 Pro23Thr,MAP2K4,TUMOR_SUPPRESSOR,HIGH,NON_HOTSPOT,true,MISSENSE,MISSENSE,p.Pro23Thr,c.67C>A,23,null,false
MAP2K4 ?,MAP2K4,TUMOR_SUPPRESSOR,HIGH,NON_HOTSPOT,true,SPLICE_DONOR|INTRONIC,SPLICE,p.?,c.218+1G>T,73,null,false
MAP2K4 Arg228Ile,MAP2K4,TUMOR_SUPPRESSOR,HIGH,NON_HOTSPOT,true,MISSENSE,MISSENSE,p.Arg228Ile,c.683G>T,228,null,false
MAP2K4 ?,MAP2K4,TUMOR_SUPPRESSOR,HIGH,NON_HOTSPOT,false,SPLICE_DONOR|MISSENSE,SPLICE,p.?,c.1040G>A,347,null,false
MAP2K4 Lys357fs,MAP2K4,TUMOR_SUPPRESSOR,HIGH,NON_HOTSPOT,false,FRAMESHIFT,NONSENSE_OR_FRAMESHIFT,p.Lys357fs,c.1068_1090dupACGAAGGATGAATCCAAAAGGCC,348,null,false
MAP3K1 Gln280*,MAP3K1,TUMOR_SUPPRESSOR,HIGH,NON_HOTSPOT,false,STOP_GAINED,NONSENSE_OR_FRAMESHIFT,p.Gln280*,c.838C>T,280,null,false
MAP3K1 Met312Leu,MAP3K1,TUMOR_SUPPRESSOR,MEDIUM,NON_HOTSPOT,false,MISSENSE,MISSENSE,p.Met312Leu,c.934A>T,312,null,false
MAP3K1 Phe327Leu,MAP3K1,TUMOR_SUPPRESSOR,MEDIUM,NON_HOTSPOT,false,MISSENSE,MISSENSE,p.Phe327Leu,c.979T>C,327,null,false
MAP3K1 Ser609Asn,MAP3K1,TUMOR_SUPPRESSOR,HIGH,NON_HOTSPOT,true,MISSENSE,MISSENSE,p.Ser609Asn,c.1826G>A,609,null,false
MAP3K1 Ala982fs,MAP3K1,TUMOR_SUPPRESSOR,HIGH,NON_HOTSPOT,false,FRAMESHIFT,NONSENSE_OR_FRAMESHIFT,p.Ala982fs,c.2942dupC,980,null,false
MAP3K1 Thr1070fs,MAP3K1,TUMOR_SUPPRESSOR,MEDIUM,NON_HOTSPOT,false,FRAMESHIFT,NONSENSE_OR_FRAMESHIFT,p.Thr1070fs,c.3209delC,1070,null,false
MAP3K13 Gly340Glu,MAP3K13,ONCOGENIC,LOW,NON_HOTSPOT,false,MISSENSE,MISSENSE,p.Gly340Glu,c.1019G>A,340,null,false
MAP3K13 Gly674Ser,MAP3K13,ONCOGENIC,LOW,NON_HOTSPOT,true,MISSENSE,MISSENSE,p.Gly674Ser,c.2020G>A,674,null,false
MAP3K4 Ser87fs,MAP3K4,TUMOR_SUPPRESSOR,LOW,NON_HOTSPOT,false,FRAMESHIFT,NONSENSE_OR_FRAMESHIFT,p.Ser87fs,c.259dupC,84,null,false
MAP3K4 Met204Ile,MAP3K4,TUMOR_SUPPRESSOR,LOW,NON_HOTSPOT,false,MISSENSE,MISSENSE,p.Met204Ile,c.612G>A,204,null,false
MAP3K4 Ile298Val,MAP3K4,TUMOR_SUPPRESSOR,LOW,NON_HOTSPOT,false,MISSENSE,MISSENSE,p.Ile298Val,c.892A>G,298,null,false
MAP3K4 Glu767Gly,MAP3K4,TUMOR_SUPPRESSOR,LOW,NON_HOTSPOT,true,MISSENSE,MISSENSE,p.Glu767Gly,c.2300A>G,767,null,false
MAP3K4 Arg1310Gln,MAP3K4,TUMOR_SUPPRESSOR,LOW,NON_HOTSPOT,true,MISSENSE,MISSENSE,p.Arg1310Gln,c.3929G>A,1310,null,false
MDC1 Gln1579fs,MDC1,TUMOR_SUPPRESSOR,MEDIUM,NON_HOTSPOT,false,FRAMESHIFT,NONSENSE_OR_FRAMESHIFT,p.Gln1579fs,c.4736delA,1579,null,false
MDC1 Glu1415Lys,MDC1,TUMOR_SUPPRESSOR,MEDIUM,NON_HOTSPOT,false,MISSENSE,MISSENSE,p.Glu1415Lys,c.4243G>A,1415,null,false
MDC1 Leu480_Ala483del,MDC1,TUMOR_SUPPRESSOR,MEDIUM,NON_HOTSPOT,false,INFRAME_DELETION,MISSENSE,p.Leu480_Ala483del,c.1437_1448delCCTTGTTAGAGC,479,null,false
MDC1 Asp403Asn,MDC1,TUMOR_SUPPRESSOR,MEDIUM,NON_HOTSPOT,false,MISSENSE,MISSENSE,p.Asp403Asn,c.1207G>A,403,null,false
MED12 Asn1512Ser,MED12,TUMOR_SUPPRESSOR,MEDIUM,NON_HOTSPOT,false,MISSENSE,MISSENSE,p.Asn1512Ser,c.4535A>G,1512,null,false
MEN1 Phe421Ser,MEN1,TUMOR_SUPPRESSOR,MEDIUM,NON_HOTSPOT,true,MISSENSE,MISSENSE,p.Phe421Ser,c.1262T>C,421,null,false
MEN1 Arg237His,MEN1,TUMOR_SUPPRESSOR,MEDIUM,NON_HOTSPOT,false,MISSENSE,MISSENSE,p.Arg237His,c.710G>A,237,null,false
MEN1 Ala91del,MEN1,TUMOR_SUPPRESSOR,HIGH,NON_HOTSPOT,true,INFRAME_DELETION,MISSENSE,p.Ala91del,c.271_273delGCC,90,null,false
MET Pro164Ala,MET,ONCOGENIC,MEDIUM,NON_HOTSPOT,false,MISSENSE,MISSENSE,p.Pro164Ala,c.490C>G,164,null,false
MET Ile367Val,MET,ONCOGENIC,LOW,NON_HOTSPOT,false,MISSENSE,MISSENSE,p.Ile367Val,c.1099A>G,367,null,false
MET Gly391Arg,MET,ONCOGENIC,LOW,NON_HOTSPOT,false,MISSENSE,MISSENSE,p.Gly391Arg,c.1171G>A,391,null,false
MET Val467Ile,MET,ONCOGENIC,MEDIUM,NON_HOTSPOT,false,MISSENSE,MISSENSE,p.Val467Ile,c.1399G>A,467,null,false
MET Ala1393Thr,MET,ONCOGENIC,LOW,NON_HOTSPOT,true,MISSENSE,MISSENSE,p.Ala1393Thr,c.4177G>A,1393,null,false
MGA Ala21Val,MGA,TUMOR_SUPPRESSOR,MEDIUM,NON_HOTSPOT,true,MISSENSE,MISSENSE,p.Ala21Val,c.62C>T,21,null,false
MGA Leu179Val,MGA,TUMOR_SUPPRESSOR,LOW,NON_HOTSPOT,false,MISSENSE,MISSENSE,p.Leu179Val,c.535C>G,179,null,false
MGA Pro611Ala,MGA,TUMOR_SUPPRESSOR,HIGH,NON_HOTSPOT,true,MISSENSE,MISSENSE,p.Pro611Ala,c.1831C>G,611,null,false
MGA Gly749fs,MGA,TUMOR_SUPPRESSOR,HIGH,NON_HOTSPOT,true,FRAMESHIFT,NONSENSE_OR_FRAMESHIFT,p.Gly749fs,c.2245_2257delGGAGTACAGTTAC,748,null,false
MGA Ser930Ala,MGA,TUMOR_SUPPRESSOR,LOW,NON_HOTSPOT,false,MISSENSE,MISSENSE,p.Ser930Ala,c.2788T>G,930,null,false
MGA Gln2217Pro,MGA,TUMOR_SUPPRESSOR,LOW,NON_HOTSPOT,false,MISSENSE,MISSENSE,p.Gln2217Pro,c.6650A>C,2217,null,false
MGA Met2533fs,MGA,TUMOR_SUPPRESSOR,HIGH,NON_HOTSPOT,false,FRAMESHIFT,NONSENSE_OR_FRAMESHIFT,p.Met2533fs,c.7600_7609delGGATCAGATG,2532,null,false
MITF Ser399Pro,MITF,ONCOGENIC,LOW,NON_HOTSPOT,false,MISSENSE,MISSENSE,p.Ser399Pro,c.1195T>C,399,null,false
MITF Met480Val,MITF,ONCOGENIC,LOW,NON_HOTSPOT,false,MISSENSE,MISSENSE,p.Met480Val,c.1438A>G,480,null,false
MLH1 Arg10Gln,MLH1,TUMOR_SUPPRESSOR,LOW,NON_HOTSPOT,false,MISSENSE,MISSENSE,p.Arg10Gln,c.29G>A,10,null,false
MLH1 Gly22Ala,MLH1,TUMOR_SUPPRESSOR,MEDIUM,NON_HOTSPOT,true,MISSENSE,MISSENSE,p.Gly22Ala,c.65G>C,22,null,false
MLH1 Asn338Ser,MLH1,TUMOR_SUPPRESSOR,LOW,NON_HOTSPOT,false,MISSENSE,MISSENSE,p.Asn338Ser,c.1013A>G,338,null,false
MLH1 Val384Asp,MLH1,TUMOR_SUPPRESSOR,HIGH,HOTSPOT,true,MISSENSE,MISSENSE,p.Val384Asp,c.1151T>A,384,null,false
MLLT3 Ser157_Ser161del,MLLT3,ONCOGENIC,HIGH,NON_HOTSPOT,false,INFRAME_DELETION,MISSENSE,p.Ser157_Ser161del,c.468_482delTAGCAGCAGCAGCAG,156,null,false
MPL Thr481Ser,MPL,ONCOGENIC,LOW,NON_HOTSPOT,true,MISSENSE,MISSENSE,p.Thr481Ser,c.1442C>G,481,null,false
MPL Ala506Thr,MPL,ONCOGENIC,LOW,NEAR_HOTSPOT,false,MISSENSE,MISSENSE,p.Ala506Thr,c.1516G>A,506,null,false
MSH2 Val363Leu,MSH2,TUMOR_SUPPRESSOR,HIGH,NON_HOTSPOT,true,MISSENSE,MISSENSE,p.Val363Leu,c.1087G>T,363,null,false
MSH2 Ile624Leu,MSH2,TUMOR_SUPPRESSOR,LOW,NON_HOTSPOT,false,MISSENSE,MISSENSE,p.Ile624Leu,c.1870A>C,624,null,false
MSH2 Lys909Ile,MSH2,TUMOR_SUPPRESSOR,MEDIUM,NON_HOTSPOT,false,MISSENSE,MISSENSE,p.Lys909Ile,c.2726A>T,909,null,false
MSH6 Ala20Val,MSH6,TUMOR_SUPPRESSOR,HIGH,NON_HOTSPOT,true,MISSENSE,MISSENSE,p.Ala20Val,c.59C>T,20,null,false
MSH6 ?,MSH6,TUMOR_SUPPRESSOR,MEDIUM,NON_HOTSPOT,false,SPLICE_DONOR|INTRONIC,SPLICE,p.?,c.457+5G>C,153,null,false
MSH6 Leu423Val,MSH6,TUMOR_SUPPRESSOR,LOW,NON_HOTSPOT,false,MISSENSE,MISSENSE,p.Leu423Val,c.1267C>G,423,null,false
MSH6 Met492Val,MSH6,TUMOR_SUPPRESSOR,HIGH,NON_HOTSPOT,true,MISSENSE,MISSENSE,p.Met492Val,c.1474A>G,492,null,false
MSH6 Val1051Ala,MSH6,TUMOR_SUPPRESSOR,LOW,NON_HOTSPOT,false,MISSENSE,MISSENSE,p.Val1051Ala,c.3152T>C,1051,null,false
MST1 Glu390Gln,MST1,TUMOR_SUPPRESSOR,LOW,NON_HOTSPOT,false,MISSENSE,MISSENSE,p.Glu390Gln,c.1168G>C,390,null,false
MST1 Arg73His,MST1,TUMOR_SUPPRESSOR,LOW,NON_HOTSPOT,false,MISSENSE,MISSENSE,p.Arg73His,c.218G>A,73,null,false
MST1R Arg1248Cys,MST1R,TUMOR_SUPPRESSOR,LOW,NON_HOTSPOT,true,MISSENSE,MISSENSE,p.Arg1248Cys,c.3742C>T,1248,null,false
MST1R Arg983Trp,MST1R,TUMOR_SUPPRESSOR,LOW,NON_HOTSPOT,true,MISSENSE,MISSENSE,p.Arg983Trp,c.2947C>T,983,null,false
MST1R Arg947Trp,MST1R,TUMOR_SUPPRESSOR,LOW,NON_HOTSPOT,false,MISSENSE,MISSENSE,p.Arg947Trp,c.2839C>T,947,null,false
MST1R Arg455Cys,MST1R,TUMOR_SUPPRESSOR,LOW,NON_HOTSPOT,true,MISSENSE,MISSENSE,p.Arg455Cys,c.1363C>T,455,null,false
MTOR Arg2152Cys,MTOR,ONCOGENIC,HIGH,NON_HOTSPOT,false,MISSENSE,MISSENSE,p.Arg2152Cys,c.6454C>T,2152,null,false
MTOR Arg1301Cys,MTOR,ONCOGENIC,MEDIUM,NON_HOTSPOT,false,MISSENSE,MISSENSE,p.Arg1301Cys,c.3901C>T,1301,null,false
MTOR Ser1093Ala,MTOR,ONCOGENIC,MEDIUM,NON_HOTSPOT,false,MISSENSE,MISSENSE,p.Ser1093Ala,c.3277T>G,1093,null,false
MTOR Arg587Gln,MTOR,ONCOGENIC,MEDIUM,NON_HOTSPOT,true,MISSENSE,MISSENSE,p.Arg587Gln,c.1760G>A,587,null,false
MTOR Met548Ile,MTOR,ONCOGENIC,MEDIUM,NON_HOTSPOT,false,MISSENSE,MISSENSE,p.Met548Ile,c.1644G>A,548,null,false
MTOR Thr248Ile,MTOR,ONCOGENIC,MEDIUM,NON_HOTSPOT,true,MISSENSE,MISSENSE,p.Thr248Ile,c.743C>T,248,null,false
MTOR Asn161Ser,MTOR,ONCOGENIC,MEDIUM,NON_HOTSPOT,false,MISSENSE,MISSENSE,p.Asn161Ser,c.482A>G,161,null,false
MTOR Met135_Ala136delinsIleSer,MTOR,ONCOGENIC,MEDIUM,NON_HOTSPOT,false,MISSENSE,MISSENSE,p.Met135_Ala136delinsIleSer,c.405_406delGGinsAT,135,null,false
MTOR Glu43Gly,MTOR,ONCOGENIC,MEDIUM,NON_HOTSPOT,false,MISSENSE,MISSENSE,p.Glu43Gly,c.128A>G,43,null,false
MUTYH Arg516Gln,MUTYH,TUMOR_SUPPRESSOR,LOW,NON_HOTSPOT,false,MISSENSE,MISSENSE,p.Arg516Gln,c.1547G>A,516,null,false
MUTYH Pro289Ala,MUTYH,TUMOR_SUPPRESSOR,LOW,NON_HOTSPOT,false,MISSENSE,MISSENSE,p.Pro289Ala,c.865C>G,289,null,false
MUTYH Tyr176Cys,MUTYH,TUMOR_SUPPRESSOR,LOW,NON_HOTSPOT,false,MISSENSE,MISSENSE,p.Tyr176Cys,c.527A>G,176,null,false
NAB2 Glu319Lys,NAB2,TUMOR_SUPPRESSOR,LOW,NON_HOTSPOT,false,MISSENSE,MISSENSE,p.Glu319Lys,c.955G>A,319,null,false
NBN Glu585Gly,NBN,TUMOR_SUPPRESSOR,MEDIUM,NON_HOTSPOT,false,MISSENSE,MISSENSE,p.Glu585Gly,c.1754A>G,585,null,false
NBN Asp211Glu,NBN,TUMOR_SUPPRESSOR,LOW,NON_HOTSPOT,false,MISSENSE,MISSENSE,p.Asp211Glu,c.633T>A,211,null,false
NCOA3 Pro10Ser,NCOA3,TUMOR_SUPPRESSOR,LOW,NON_HOTSPOT,false,MISSENSE,MISSENSE,p.Pro10Ser,c.28C>T,10,null,false
NCOA3 Phe1135Ile,NCOA3,TUMOR_SUPPRESSOR,LOW,NON_HOTSPOT,true,MISSENSE,MISSENSE,p.Phe1135Ile,c.3403T>A,1135,null,false
NCOA3 Pro1212Leu,NCOA3,TUMOR_SUPPRESSOR,LOW,NON_HOTSPOT,true,MISSENSE,MISSENSE,p.Pro1212Leu,c.3635C>T,1212,null,false
NCOA3 Gln1250_Gln1255del,NCOA3,TUMOR_SUPPRESSOR,LOW,NON_HOTSPOT,false,INFRAME_DELETION,MISSENSE,p.Gln1250_Gln1255del,c.3762_3779delACAGCAGCAGCAGCAGCA,1248,null,false
NCOA3 Gln1254dup,NCOA3,TUMOR_SUPPRESSOR,MEDIUM,NON_HOTSPOT,false,INFRAME_INSERTION,MISSENSE,p.Gln1254dup,c.3790_3792dupCAG,1254,null,false
NCOA3 Gln1271dup,NCOA3,TUMOR_SUPPRESSOR,LOW,NON_HOTSPOT,false,INFRAME_INSERTION,MISSENSE,p.Gln1271dup,c.3815_3816insCAA,1271,null,false
NCOR1 Lys2278Thr,NCOR1,TUMOR_SUPPRESSOR,LOW,NON_HOTSPOT,true,MISSENSE,MISSENSE,p.Lys2278Thr,c.6833A>C,2278,null,false
NCOR1 Glu2211*,NCOR1,TUMOR_SUPPRESSOR,HIGH,NON_HOTSPOT,true,STOP_GAINED,NONSENSE_OR_FRAMESHIFT,p.Glu2211*,c.6631G>T,2211,null,false
NCOR1 Gln2170*,NCOR1,TUMOR_SUPPRESSOR,HIGH,NON_HOTSPOT,true,STOP_GAINED,NONSENSE_OR_FRAMESHIFT,p.Gln2170*,c.6508C>T,2170,null,false
NCOR1 Ser1897Leu,NCOR1,TUMOR_SUPPRESSOR,HIGH,NON_HOTSPOT,false,MISSENSE,MISSENSE,p.Ser1897Leu,c.5690C>T,1897,null,false
NCOR1 Gln1879*,NCOR1,TUMOR_SUPPRESSOR,HIGH,NON_HOTSPOT,false,STOP_GAINED,NONSENSE_OR_FRAMESHIFT,p.Gln1879*,c.5635C>T,1879,null,false
NCOR1 Gln1256His,NCOR1,TUMOR_SUPPRESSOR,LOW,NON_HOTSPOT,true,MISSENSE,MISSENSE,p.Gln1256His,c.3768A>C,1256,null,false
NCOR1 Gly1142Glu,NCOR1,TUMOR_SUPPRESSOR,LOW,NON_HOTSPOT,false,MISSENSE,MISSENSE,p.Gly1142Glu,c.3425G>A,1142,null,false
NCOR1 Pro765fs,NCOR1,TUMOR_SUPPRESSOR,HIGH,NON_HOTSPOT,true,FRAMESHIFT,NONSENSE_OR_FRAMESHIFT,p.Pro765fs,c.2291_2292insA,764,null,false
NCOR1 Ser764Phe,NCOR1,TUMOR_SUPPRESSOR,HIGH,NON_HOTSPOT,true,MISSENSE,MISSENSE,p.Ser764Phe,c.2291C>T,764,null,false
NCOR1 Glu710*,NCOR1,TUMOR_SUPPRESSOR,HIGH,NON_HOTSPOT,false,STOP_GAINED,NONSENSE_OR_FRAMESHIFT,p.Glu710*,c.2128G>T,710,null,false
NCOR1 Ser470fs,NCOR1,TUMOR_SUPPRESSOR,HIGH,NON_HOTSPOT,true,FRAMESHIFT,NONSENSE_OR_FRAMESHIFT,p.Ser470fs,c.1408_1409delAG,470,null,false
NCOR1 Glu74Asp,NCOR1,TUMOR_SUPPRESSOR,LOW,NON_HOTSPOT,false,MISSENSE,MISSENSE,p.Glu74Asp,c.222A>C,74,null,false
NF1 Glu37Gln,NF1,TUMOR_SUPPRESSOR,HIGH,NON_HOTSPOT,true,MISSENSE,MISSENSE,p.Glu37Gln,c.109G>C,37,null,false
NF1 Leu142Glu,NF1,TUMOR_SUPPRESSOR,MEDIUM,NON_HOTSPOT,true,MISSENSE,MISSENSE,p.Leu142Glu,c.423_425delTTTinsAGA,141,null,false
NF1 Leu792His,NF1,TUMOR_SUPPRESSOR,MEDIUM,NON_HOTSPOT,false,MISSENSE,MISSENSE,p.Leu792His,c.2375T>A,792,null,false
NF1 Gln1235*,NF1,TUMOR_SUPPRESSOR,HIGH,NON_HOTSPOT,true,STOP_GAINED,NONSENSE_OR_FRAMESHIFT,p.Gln1235*,c.3703C>T,1235,null,false
NF1 Arg1362*,NF1,TUMOR_SUPPRESSOR,HIGH,NON_HOTSPOT,true,STOP_GAINED,NONSENSE_OR_FRAMESHIFT,p.Arg1362*,c.4084C>T,1362,null,false
NF1 Ile2350Leu,NF1,TUMOR_SUPPRESSOR,HIGH,NON_HOTSPOT,true,MISSENSE,MISSENSE,p.Ile2350Leu,c.7048A>C,2350,null,false
NF1 Gln2767His,NF1,TUMOR_SUPPRESSOR,HIGH,NON_HOTSPOT,false,MISSENSE,MISSENSE,p.Gln2767His,c.8301G>C,2767,null,false
NF2 Ser7Tyr,NF2,TUMOR_SUPPRESSOR,LOW,NON_HOTSPOT,true,MISSENSE,MISSENSE,p.Ser7Tyr,c.20C>A,7,null,false
NF2 ?,NF2,TUMOR_SUPPRESSOR,HIGH,NON_HOTSPOT,false,SPLICE_DONOR|INTRONIC,SPLICE,p.?,c.810+1G>T,270,null,false
NF2 Arg310*,NF2,TUMOR_SUPPRESSOR,HIGH,NON_HOTSPOT,false,STOP_GAINED,NONSENSE_OR_FRAMESHIFT,p.Arg310*,c.928A>T,310,null,false
NF2 Ile417fs,NF2,TUMOR_SUPPRESSOR,HIGH,NON_HOTSPOT,false,FRAMESHIFT,NONSENSE_OR_FRAMESHIFT,p.Ile417fs,c.1250_1265delTTCGCACGGAGGAGGA,416,null,false
NF2 Arg418His,NF2,TUMOR_SUPPRESSOR,LOW,NON_HOTSPOT,false,MISSENSE,MISSENSE,p.Arg418His,c.1253G>A,418,null,false
NFE2L2 Val388Ala,NFE2L2,ONCOGENIC,MEDIUM,NON_HOTSPOT,true,MISSENSE,MISSENSE,p.Val388Ala,c.1163T>C,388,null,false
NFE2L2 Asp321His,NFE2L2,ONCOGENIC,MEDIUM,NON_HOTSPOT,false,MISSENSE,MISSENSE,p.Asp321His,c.961G>C,321,null,false
NFE2L2 Leu191Val,NFE2L2,ONCOGENIC,MEDIUM,NON_HOTSPOT,false,MISSENSE,MISSENSE,p.Leu191Val,c.571C>G,191,null,false
NFKBIA ?,NFKBIA,TUMOR_SUPPRESSOR,MEDIUM,NON_HOTSPOT,false,SPLICE_DONOR|INTRONIC,SPLICE,p.?,c.547+2T>C,183,null,false
NFKBIA Ala127Thr,NFKBIA,TUMOR_SUPPRESSOR,MEDIUM,NON_HOTSPOT,false,MISSENSE,MISSENSE,p.Ala127Thr,c.379G>A,127,null,false
NFKBIA Pro60Leu,NFKBIA,TUMOR_SUPPRESSOR,MEDIUM,NON_HOTSPOT,false,MISSENSE,MISSENSE,p.Pro60Leu,c.179C>T,60,null,false
NFKBIA Glu6Lys,NFKBIA,TUMOR_SUPPRESSOR,HIGH,NON_HOTSPOT,true,MISSENSE,MISSENSE,p.Glu6Lys,c.16G>A,6,null,false
NKX3-1 Glu107fs,NKX3-1,TUMOR_SUPPRESSOR,HIGH,NON_HOTSPOT,false,FRAMESHIFT,NONSENSE_OR_FRAMESHIFT,p.Glu107fs,c.319_320delGA,106,null,false
NKX3-1 Arg41Gln,NKX3-1,TUMOR_SUPPRESSOR,LOW,NON_HOTSPOT,false,MISSENSE,MISSENSE,p.Arg41Gln,c.122G>A,41,null,false
NOTCH1 Pro2540Ser,NOTCH1,TUMOR_SUPPRESSOR,LOW,NON_HOTSPOT,false,MISSENSE,MISSENSE,p.Pro2540Ser,c.7618C>T,2540,null,false
NOTCH1 Ala2463Thr,NOTCH1,TUMOR_SUPPRESSOR,HIGH,NON_HOTSPOT,true,MISSENSE,MISSENSE,p.Ala2463Thr,c.7387G>A,2463,null,false
NOTCH1 Gly2300Arg,NOTCH1,TUMOR_SUPPRESSOR,MEDIUM,NON_HOTSPOT,true,MISSENSE,MISSENSE,p.Gly2300Arg,c.6898G>A,2300,null,false
NOTCH1 Val1671Ile,NOTCH1,TUMOR_SUPPRESSOR,HIGH,HOTSPOT,true,MISSENSE,MISSENSE,p.Val1671Ile,c.5011G>A,1671,null,false
NOTCH1 Arg1663Trp,NOTCH1,TUMOR_SUPPRESSOR,HIGH,NON_HOTSPOT,true,MISSENSE,MISSENSE,p.Arg1663Trp,c.4987C>T,1663,null,false
NOTCH1 Asn1484Ser,NOTCH1,TUMOR_SUPPRESSOR,MEDIUM,NON_HOTSPOT,false,MISSENSE,MISSENSE,p.Asn1484Ser,c.4451A>G,1484,null,false
NOTCH1 Ala1458Thr,NOTCH1,TUMOR_SUPPRESSOR,MEDIUM,NON_HOTSPOT,false,MISSENSE,MISSENSE,p.Ala1458Thr,c.4372G>A,1458,null,false
NOTCH1 Ser991Cys,NOTCH1,TUMOR_SUPPRESSOR,MEDIUM,NON_HOTSPOT,true,MISSENSE,MISSENSE,p.Ser991Cys,c.2972C>G,991,null,false
NOTCH1 Gly615Trp,NOTCH1,TUMOR_SUPPRESSOR,MEDIUM,NON_HOTSPOT,false,MISSENSE,MISSENSE,p.Gly615Trp,c.1843G>T,615,null,false
NOTCH1 Val239Ile,NOTCH1,TUMOR_SUPPRESSOR,MEDIUM,NON_HOTSPOT,true,MISSENSE,MISSENSE,p.Val239Ile,c.715G>A,239,null,false
NOTCH1 Val82Met,NOTCH1,TUMOR_SUPPRESSOR,MEDIUM,NON_HOTSPOT,false,MISSENSE,MISSENSE,p.Val82Met,c.244G>A,82,null,false
NOTCH2 Leu2348Trp,NOTCH2,TUMOR_SUPPRESSOR,LOW,NON_HOTSPOT,true,MISSENSE,MISSENSE,p.Leu2348Trp,c.7043T>G,2348,null,false
NOTCH2 Ala2319Val,NOTCH2,TUMOR_SUPPRESSOR,LOW,NON_HOTSPOT,false,MISSENSE,MISSENSE,p.Ala2319Val,c.6956C>T,2319,null,false
NOTCH2 Leu1413Arg,NOTCH2,TUMOR_SUPPRESSOR,LOW,NON_HOTSPOT,false,MISSENSE,MISSENSE,p.Leu1413Arg,c.4238T>G,1413,null,false
NOTCH2 Asn806Ser,NOTCH2,TUMOR_SUPPRESSOR,LOW,NON_HOTSPOT,false,MISSENSE,MISSENSE,p.Asn806Ser,c.2417A>G,806,null,false
NOTCH2 Leu744Val,NOTCH2,TUMOR_SUPPRESSOR,LOW,NON_HOTSPOT,true,MISSENSE,MISSENSE,p.Leu744Val,c.2230C>G,744,null,false
NOTCH2 Ile533Thr,NOTCH2,TUMOR_SUPPRESSOR,LOW,NON_HOTSPOT,true,MISSENSE,MISSENSE,p.Ile533Thr,c.1598T>C,533,null,false
NOTCH3 Glu2268*,NOTCH3,TUMOR_SUPPRESSOR,MEDIUM,NON_HOTSPOT,false,STOP_GAINED,NONSENSE_OR_FRAMESHIFT,p.Glu2268*,c.6802G>T,2268,null,false
NOTCH3 Ala2190Val,NOTCH3,TUMOR_SUPPRESSOR,HIGH,NON_HOTSPOT,false,MISSENSE,MISSENSE,p.Ala2190Val,c.6569C>T,2190,null,false
NOTCH3 Ala1450Ser,NOTCH3,TUMOR_SUPPRESSOR,MEDIUM,NON_HOTSPOT,true,MISSENSE,MISSENSE,p.Ala1450Ser,c.4348G>T,1450,null,false
NOTCH3 Asp1121fs,NOTCH3,TUMOR_SUPPRESSOR,MEDIUM,NON_HOTSPOT,false,FRAMESHIFT,NONSENSE_OR_FRAMESHIFT,p.Asp1121fs,c.3362_3383delACGACGTGGACGAGTGTGCCTC,1121,null,false
NOTCH3 Glu1120Gln,NOTCH3,TUMOR_SUPPRESSOR,LOW,NON_HOTSPOT,false,MISSENSE,MISSENSE,p.Glu1120Gln,c.3358G>C,1120,null,false
NOTCH3 Asp941Ala,NOTCH3,TUMOR_SUPPRESSOR,HIGH,NON_HOTSPOT,true,MISSENSE,MISSENSE,p.Asp941Ala,c.2822A>C,941,null,false
NOTCH3 Gly723Arg,NOTCH3,TUMOR_SUPPRESSOR,LOW,NON_HOTSPOT,false,MISSENSE,MISSENSE,p.Gly723Arg,c.2167G>C,723,null,false
NOTCH3 Arg717Cys,NOTCH3,TUMOR_SUPPRESSOR,MEDIUM,NON_HOTSPOT,false,MISSENSE,MISSENSE,p.Arg717Cys,c.2149C>T,717,null,false
NOTCH3 Arg153Ser,NOTCH3,TUMOR_SUPPRESSOR,HIGH,NON_HOTSPOT,false,MISSENSE,MISSENSE,p.Arg153Ser,c.457C>A,153,null,false
NOTCH3 Pro21Ser,NOTCH3,TUMOR_SUPPRESSOR,HIGH,NON_HOTSPOT,false,MISSENSE,MISSENSE,p.Pro21Ser,c.61C>T,21,null,false
NOTCH4 Glu1977Lys,NOTCH4,TUMOR_SUPPRESSOR,LOW,NON_HOTSPOT,false,MISSENSE,MISSENSE,p.Glu1977Lys,c.5929G>A,1977,null,false
NOTCH4 Ala1807Thr,NOTCH4,TUMOR_SUPPRESSOR,LOW,NON_HOTSPOT,false,MISSENSE,MISSENSE,p.Ala1807Thr,c.5419G>A,1807,null,false
NOTCH4 Trp1447*,NOTCH4,TUMOR_SUPPRESSOR,LOW,NON_HOTSPOT,false,STOP_GAINED,NONSENSE_OR_FRAMESHIFT,p.Trp1447*,c.4341G>A,1447,null,false
NOTCH4 ?,NOTCH4,TUMOR_SUPPRESSOR,MEDIUM,NON_HOTSPOT,false,SPLICE_ACCEPTOR|INTRONIC,SPLICE,p.?,c.4140-1G>A,1380,null,false
NOTCH4 Glu589Gln,NOTCH4,TUMOR_SUPPRESSOR,LOW,NON_HOTSPOT,false,MISSENSE,MISSENSE,p.Glu589Gln,c.1765G>C,589,null,false
NOTCH4 Gly534Ile,NOTCH4,TUMOR_SUPPRESSOR,LOW,NON_HOTSPOT,false,MISSENSE,MISSENSE,p.Gly534Ile,c.1600_1601delGGinsAT,534,null,false
NOTCH4 Ser470Phe,NOTCH4,TUMOR_SUPPRESSOR,LOW,NON_HOTSPOT,false,MISSENSE,MISSENSE,p.Ser470Phe,c.1409C>T,470,null,false
NOTCH4 Gln441Arg,NOTCH4,TUMOR_SUPPRESSOR,LOW,NON_HOTSPOT,false,MISSENSE,MISSENSE,p.Gln441Arg,c.1322A>G,441,null,false
NOTCH4 Thr350fs,NOTCH4,TUMOR_SUPPRESSOR,LOW,NON_HOTSPOT,false,FRAMESHIFT,NONSENSE_OR_FRAMESHIFT,p.Thr350fs,c.1046dupG,349,null,false
NOTCH4 Ile135Met,NOTCH4,TUMOR_SUPPRESSOR,LOW,NON_HOTSPOT,false,MISSENSE,MISSENSE,p.Ile135Met,c.405C>G,135,null,false
NPM1 Asp167del,NPM1,ONCOGENIC,HIGH,NON_HOTSPOT,true,INFRAME_DELETION,MISSENSE,p.Asp167del,c.499_501delGAT,165,null,false
NRAS Ala155Val,NRAS,ONCOGENIC,MEDIUM,NON_HOTSPOT,false,MISSENSE,MISSENSE,p.Ala155Val,c.464C>T,155,null,false
NRAS Val152del,NRAS,ONCOGENIC,HIGH,NON_HOTSPOT,false,INFRAME_DELETION,MISSENSE,p.Val152del,c.455_457delTTG,152,null,false
NRG1 Pro92fs,NRG1,TUMOR_SUPPRESSOR,MEDIUM,NON_HOTSPOT,false,FRAMESHIFT,NONSENSE_OR_FRAMESHIFT,p.Pro92fs,c.273dupA,89,null,false
NRG1 Ser344Ala,NRG1,TUMOR_SUPPRESSOR,MEDIUM,NON_HOTSPOT,true,MISSENSE,MISSENSE,p.Ser344Ala,c.1030T>G,344,null,false
NRG1 Ser448Arg,NRG1,TUMOR_SUPPRESSOR,MEDIUM,NON_HOTSPOT,true,MISSENSE,MISSENSE,p.Ser448Arg,c.1344C>G,448,null,false
NRG1 Ser455Leu,NRG1,TUMOR_SUPPRESSOR,LOW,NON_HOTSPOT,false,MISSENSE,MISSENSE,p.Ser455Leu,c.1364C>T,455,null,false
NRG1 Lys553Glu,NRG1,TUMOR_SUPPRESSOR,MEDIUM,NON_HOTSPOT,false,MISSENSE,MISSENSE,p.Lys553Glu,c.1657A>G,553,null,false
NSD1 Leu7Pro,NSD1,TUMOR_SUPPRESSOR,MEDIUM,NON_HOTSPOT,true,MISSENSE,MISSENSE,p.Leu7Pro,c.20T>C,7,null,false
NSD1 Leu43Ile,NSD1,TUMOR_SUPPRESSOR,MEDIUM,NON_HOTSPOT,false,MISSENSE,MISSENSE,p.Leu43Ile,c.127C>A,43,null,false
NSD1 Gly89Trp,NSD1,TUMOR_SUPPRESSOR,MEDIUM,NON_HOTSPOT,true,MISSENSE,MISSENSE,p.Gly89Trp,c.265G>T,89,null,false
NSD1 Met126Val,NSD1,TUMOR_SUPPRESSOR,MEDIUM,NON_HOTSPOT,true,MISSENSE,MISSENSE,p.Met126Val,c.376A>G,126,null,false
NSD1 Thr509Ile,NSD1,TUMOR_SUPPRESSOR,LOW,NON_HOTSPOT,false,MISSENSE,MISSENSE,p.Thr509Ile,c.1526C>T,509,null,false
NSD1 Glu1202Lys,NSD1,TUMOR_SUPPRESSOR,LOW,NON_HOTSPOT,false,MISSENSE,MISSENSE,p.Glu1202Lys,c.3604G>A,1202,null,false
NSD1 Pro2225Gln,NSD1,TUMOR_SUPPRESSOR,LOW,NON_HOTSPOT,true,MISSENSE,MISSENSE,p.Pro2225Gln,c.6674C>A,2225,null,false
NSD1 Ser2341Cys,NSD1,TUMOR_SUPPRESSOR,LOW,NON_HOTSPOT,false,MISSENSE,MISSENSE,p.Ser2341Cys,c.7022C>G,2341,null,false
NSD1 Met2456Thr,NSD1,TUMOR_SUPPRESSOR,MEDIUM,NON_HOTSPOT,true,MISSENSE,MISSENSE,p.Met2456Thr,c.7367T>C,2456,null,false
NTRK1 Arg104His,NTRK1,ONCOGENIC,LOW,NON_HOTSPOT,false,MISSENSE,MISSENSE,p.Arg104His,c.311G>A,104,null,false
NTRK1 Gly368Ser,NTRK1,ONCOGENIC,LOW,NON_HOTSPOT,true,MISSENSE,MISSENSE,p.Gly368Ser,c.1102G>A,368,null,false
NTRK2 Val87Phe,NTRK2,ONCOGENIC,MEDIUM,NON_HOTSPOT,false,MISSENSE,MISSENSE,p.Val87Phe,c.259G>T,87,null,false
NTRK2 His134Asp,NTRK2,ONCOGENIC,MEDIUM,NON_HOTSPOT,false,MISSENSE,MISSENSE,p.His134Asp,c.400C>G,134,null,false
NTRK2 Val752Ile,NTRK2,ONCOGENIC,MEDIUM,NON_HOTSPOT,false,MISSENSE,MISSENSE,p.Val752Ile,c.2254G>A,752,null,false
NTRK3 Ser296Asn,NTRK3,ONCOGENIC,MEDIUM,NON_HOTSPOT,false,MISSENSE,MISSENSE,p.Ser296Asn,c.887G>A,296,null,false
NTRK3 Arg138Trp,NTRK3,ONCOGENIC,LOW,NON_HOTSPOT,true,MISSENSE,MISSENSE,p.Arg138Trp,c.412C>T,138,null,false
NUP93 Asp97Glu,NUP93,TUMOR_SUPPRESSOR,MEDIUM,NON_HOTSPOT,false,MISSENSE,MISSENSE,p.Asp97Glu,c.291C>G,97,null,false
NUP93 Thr159Ile,NUP93,TUMOR_SUPPRESSOR,HIGH,NON_HOTSPOT,true,MISSENSE,MISSENSE,p.Thr159Ile,c.476C>T,159,null,false
NUTM1 Val90Phe,NUTM1,ONCOGENIC,LOW,NON_HOTSPOT,false,MISSENSE,MISSENSE,p.Val90Phe,c.268G>T,90,null,false
NUTM1 Glu476Gln,NUTM1,ONCOGENIC,MEDIUM,NON_HOTSPOT,false,MISSENSE,MISSENSE,p.Glu476Gln,c.1426G>C,476,null,false
NUTM1 Gln625Leu,NUTM1,ONCOGENIC,LOW,NON_HOTSPOT,false,MISSENSE,MISSENSE,p.Gln625Leu,c.1874A>T,625,null,false
NUTM1 Gly657Arg,NUTM1,ONCOGENIC,MEDIUM,NON_HOTSPOT,true,MISSENSE,MISSENSE,p.Gly657Arg,c.1969G>A,657,null,false
NUTM1 Ile743Thr,NUTM1,ONCOGENIC,LOW,NON_HOTSPOT,false,MISSENSE,MISSENSE,p.Ile743Thr,c.2228T>C,743,null,false
PAK1 Thr214Ser,PAK1,TUMOR_SUPPRESSOR,LOW,NON_HOTSPOT,false,MISSENSE,MISSENSE,p.Thr214Ser,c.640A>T,214,null,false
PAK1 Ser156Tyr,PAK1,TUMOR_SUPPRESSOR,LOW,NON_HOTSPOT,true,MISSENSE,MISSENSE,p.Ser156Tyr,c.467C>A,156,null,false
PAK3 Lys281Arg,PAK3,TUMOR_SUPPRESSOR,MEDIUM,NON_HOTSPOT,false,MISSENSE,MISSENSE,p.Lys281Arg,c.842A>G,281,null,false
PALB2 Glu1081Asp,PALB2,TUMOR_SUPPRESSOR,LOW,NON_HOTSPOT,true,MISSENSE,MISSENSE,p.Glu1081Asp,c.3243G>C,1081,null,false
PALB2 Glu749*,PALB2,TUMOR_SUPPRESSOR,HIGH,NON_HOTSPOT,true,STOP_GAINED,NONSENSE_OR_FRAMESHIFT,p.Glu749*,c.2245G>T,749,null,false
PARP1 Val886Met,PARP1,TUMOR_SUPPRESSOR,LOW,NON_HOTSPOT,false,MISSENSE,MISSENSE,p.Val886Met,c.2656G>A,886,null,false
PARP1 Ile814Val,PARP1,TUMOR_SUPPRESSOR,LOW,NON_HOTSPOT,true,MISSENSE,MISSENSE,p.Ile814Val,c.2440A>G,814,null,false
PARP1 Val446_Glu448del,PARP1,TUMOR_SUPPRESSOR,LOW,NON_HOTSPOT,false,INFRAME_DELETION,MISSENSE,p.Val446_Glu448del,c.1337_1345delTAAAGGAAG,446,null,false
PAX3 Ser79Ala,PAX3,ONCOGENIC,LOW,NON_HOTSPOT,false,MISSENSE,MISSENSE,p.Ser79Ala,c.235T>G,79,null,false
PAX5 Ala376Thr,PAX5,ONCOGENIC,MEDIUM,NON_HOTSPOT,true,MISSENSE,MISSENSE,p.Ala376Thr,c.1126G>A,376,null,false
PAX5 Val26Phe,PAX5,ONCOGENIC,MEDIUM,NON_HOTSPOT,false,MISSENSE,MISSENSE,p.Val26Phe,c.76G>T,26,null,false
PAX7 His54Arg,PAX7,ONCOGENIC,LOW,NON_HOTSPOT,false,MISSENSE,MISSENSE,p.His54Arg,c.161A>G,54,null,false
PAX7 Arg426Gln,PAX7,ONCOGENIC,LOW,NON_HOTSPOT,true,MISSENSE,MISSENSE,p.Arg426Gln,c.1277G>A,426,null,false
PBRM1 Val1075fs,PBRM1,TUMOR_SUPPRESSOR,HIGH,NON_HOTSPOT,false,FRAMESHIFT,NONSENSE_OR_FRAMESHIFT,p.Val1075fs,c.3223_3224delGT,1074,null,false
PBRM1 Thr821Arg,PBRM1,TUMOR_SUPPRESSOR,MEDIUM,NON_HOTSPOT,false,MISSENSE,MISSENSE,p.Thr821Arg,c.2462C>G,821,null,false
PBRM1 Gly340Ala,PBRM1,TUMOR_SUPPRESSOR,MEDIUM,NON_HOTSPOT,true,MISSENSE,MISSENSE,p.Gly340Ala,c.1019G>C,340,null,false
PDCD1 Val190Ile,PDCD1,TUMOR_SUPPRESSOR,LOW,NON_HOTSPOT,false,MISSENSE,MISSENSE,p.Val190Ile,c.568G>A,190,null,false
PDCD1LG2 Leu4Arg,PDCD1LG2,ONCOGENIC,MEDIUM,NON_HOTSPOT,false,MISSENSE,MISSENSE,p.Leu4Arg,c.11T>G,4,null,false
PDGFRA Asp1071Asn,PDGFRA,ONCOGENIC,LOW,NON_HOTSPOT,false,MISSENSE,MISSENSE,p.Asp1071Asn,c.3211G>A,1071,null,false
PDGFRB Gly994Glu,PDGFRB,ONCOGENIC,LOW,NON_HOTSPOT,false,MISSENSE,MISSENSE,p.Gly994Glu,c.2981G>A,994,null,false
PDGFRB Tyr204Phe,PDGFRB,ONCOGENIC,LOW,NON_HOTSPOT,false,MISSENSE,MISSENSE,p.Tyr204Phe,c.611A>T,204,null,false
PDGFRB Val84Ala,PDGFRB,ONCOGENIC,LOW,NON_HOTSPOT,true,MISSENSE,MISSENSE,p.Val84Ala,c.251T>C,84,null,false
PDGFRB Pro4Gln,PDGFRB,ONCOGENIC,LOW,NON_HOTSPOT,false,MISSENSE,MISSENSE,p.Pro4Gln,c.11C>A,4,null,false
PDK1 Val323Ile,PDK1,TUMOR_SUPPRESSOR,LOW,NON_HOTSPOT,false,MISSENSE,MISSENSE,p.Val323Ile,c.967G>A,323,null,false
PDK1 Val422Ile,PDK1,TUMOR_SUPPRESSOR,LOW,NON_HOTSPOT,false,MISSENSE,MISSENSE,p.Val422Ile,c.1264G>A,422,null,false
PGR Leu826Pro,PGR,TUMOR_SUPPRESSOR,MEDIUM,NON_HOTSPOT,false,MISSENSE,MISSENSE,p.Leu826Pro,c.2477T>C,826,null,false
PGR Ser735Leu,PGR,TUMOR_SUPPRESSOR,MEDIUM,NON_HOTSPOT,false,MISSENSE,MISSENSE,p.Ser735Leu,c.2204C>T,735,null,false
PGR Gly109Arg,PGR,TUMOR_SUPPRESSOR,MEDIUM,NON_HOTSPOT,false,MISSENSE,MISSENSE,p.Gly109Arg,c.325G>A,109,null,false
PHOX2B Gly268Ser,PHOX2B,TUMOR_SUPPRESSOR,MEDIUM,NON_HOTSPOT,false,MISSENSE,MISSENSE,p.Gly268Ser,c.802G>A,268,null,false
PIK3C2B Asp1549His,PIK3C2B,TUMOR_SUPPRESSOR,LOW,NON_HOTSPOT,false,MISSENSE,MISSENSE,p.Asp1549His,c.4645G>C,1549,null,false
PIK3C2B Glu1408Lys,PIK3C2B,TUMOR_SUPPRESSOR,LOW,NON_HOTSPOT,false,MISSENSE,MISSENSE,p.Glu1408Lys,c.4222G>A,1408,null,false
PIK3C2B Ala628Thr,PIK3C2B,TUMOR_SUPPRESSOR,LOW,NON_HOTSPOT,true,MISSENSE,MISSENSE,p.Ala628Thr,c.1882G>A,628,null,false
PIK3C2B Arg347Gln,PIK3C2B,TUMOR_SUPPRESSOR,LOW,NON_HOTSPOT,true,MISSENSE,MISSENSE,p.Arg347Gln,c.1040G>A,347,null,false
PIK3C2B Glu46del,PIK3C2B,TUMOR_SUPPRESSOR,LOW,NON_HOTSPOT,false,INFRAME_DELETION,MISSENSE,p.Glu46del,c.136_138delGAG,45,null,false
PIK3C2G Thr450Ile,PIK3C2G,TUMOR_SUPPRESSOR,HIGH,NON_HOTSPOT,true,MISSENSE,MISSENSE,p.Thr450Ile,c.1349C>T,450,null,false
PIK3C2G Gly464Ala,PIK3C2G,TUMOR_SUPPRESSOR,HIGH,NON_HOTSPOT,false,MISSENSE,MISSENSE,p.Gly464Ala,c.1391G>C,464,null,false
PIK3C2G Gly464Ala,PIK3C2G,TUMOR_SUPPRESSOR,HIGH,NON_HOTSPOT,false,MISSENSE,MISSENSE,p.Gly464Ala,c.1391G>C,464,null,false
PIK3C2G Arg738His,PIK3C2G,TUMOR_SUPPRESSOR,HIGH,NON_HOTSPOT,true,MISSENSE,MISSENSE,p.Arg738His,c.2213G>A,738,null,false
PIK3C2G His790Arg,PIK3C2G,TUMOR_SUPPRESSOR,HIGH,NON_HOTSPOT,true,MISSENSE,MISSENSE,p.His790Arg,c.2369A>G,790,null,false
PIK3C2G Leu864Arg,PIK3C2G,TUMOR_SUPPRESSOR,MEDIUM,NON_HOTSPOT,false,MISSENSE,MISSENSE,p.Leu864Arg,c.2591T>G,864,null,false
PIK3C2G Trp1437Leu,PIK3C2G,TUMOR_SUPPRESSOR,MEDIUM,NON_HOTSPOT,false,MISSENSE,MISSENSE,p.Trp1437Leu,c.4310G>T,1437,null,false
PIK3CA Arg93Trp,PIK3CA,ONCOGENIC,HIGH,HOTSPOT,false,MISSENSE,MISSENSE,p.Arg93Trp,c.277C>T,93,null,false
PIK3CA Gly106Val,PIK3CA,ONCOGENIC,HIGH,HOTSPOT,false,MISSENSE,MISSENSE,p.Gly106Val,c.317G>T,106,null,false
PIK3CA Asn345Lys,PIK3CA,ONCOGENIC,HIGH,HOTSPOT,false,MISSENSE,MISSENSE,p.Asn345Lys,c.1035T>A,345,null,false
PIK3CA Cys420Arg,PIK3CA,ONCOGENIC,HIGH,HOTSPOT,false,MISSENSE,MISSENSE,p.Cys420Arg,c.1258T>C,420,null,false
PIK3CA Glu542Lys,PIK3CA,ONCOGENIC,HIGH,HOTSPOT,false,MISSENSE,MISSENSE,p.Glu542Lys,c.1624G>A,542,null,false
PIK3CA Glu542Lys,PIK3CA,ONCOGENIC,HIGH,HOTSPOT,false,MISSENSE,MISSENSE,p.Glu542Lys,c.1624G>A,542,null,false
PIK3CA Glu545Lys,PIK3CA,ONCOGENIC,HIGH,HOTSPOT,true,MISSENSE,MISSENSE,p.Glu545Lys,c.1633G>A,545,null,false
PIK3CA Glu545Lys,PIK3CA,ONCOGENIC,HIGH,HOTSPOT,false,MISSENSE,MISSENSE,p.Glu545Lys,c.1633G>A,545,null,false
PIK3CA Glu545Lys,PIK3CA,ONCOGENIC,HIGH,HOTSPOT,false,MISSENSE,MISSENSE,p.Glu545Lys,c.1633G>A,545,null,false
PIK3CA Glu545Ala,PIK3CA,ONCOGENIC,HIGH,HOTSPOT,false,MISSENSE,MISSENSE,p.Glu545Ala,c.1634A>C,545,null,false
PIK3CA Gln546Lys,PIK3CA,ONCOGENIC,HIGH,HOTSPOT,false,MISSENSE,MISSENSE,p.Gln546Lys,c.1636C>A,546,null,false
PIK3CA Gln546Lys,PIK3CA,ONCOGENIC,HIGH,HOTSPOT,false,MISSENSE,MISSENSE,p.Gln546Lys,c.1636C>A,546,null,false
PIK3CA Gln546Arg,PIK3CA,ONCOGENIC,HIGH,HOTSPOT,false,MISSENSE,MISSENSE,p.Gln546Arg,c.1637A>G,546,null,false
PIK3CA Glu726Lys,PIK3CA,ONCOGENIC,HIGH,HOTSPOT,false,MISSENSE,MISSENSE,p.Glu726Lys,c.2176G>A,726,null,false
PIK3CA Ala1035Val,PIK3CA,ONCOGENIC,HIGH,NON_HOTSPOT,false,MISSENSE,MISSENSE,p.Ala1035Val,c.3104C>T,1035,null,false
PIK3CA His1047Arg,PIK3CA,ONCOGENIC,HIGH,HOTSPOT,false,MISSENSE,MISSENSE,p.His1047Arg,c.3140A>G,1047,null,false
PIK3CA His1047Arg,PIK3CA,ONCOGENIC,HIGH,HOTSPOT,true,MISSENSE,MISSENSE,p.His1047Arg,c.3140A>G,1047,null,false
PIK3CA His1047Leu,PIK3CA,ONCOGENIC,HIGH,HOTSPOT,false,MISSENSE,MISSENSE,p.His1047Leu,c.3140A>T,1047,null,false
PIK3CA His1047Leu,PIK3CA,ONCOGENIC,HIGH,HOTSPOT,false,MISSENSE,MISSENSE,p.His1047Leu,c.3140A>T,1047,null,false
PIK3CB Glu1051Gly,PIK3CB,ONCOGENIC,MEDIUM,NEAR_HOTSPOT,false,MISSENSE,MISSENSE,p.Glu1051Gly,c.3152A>G,1051,null,false
PIK3CB Glu1051Lys,PIK3CB,ONCOGENIC,HIGH,HOTSPOT,false,MISSENSE,MISSENSE,p.Glu1051Lys,c.3151G>A,1051,null,false
PIK3CB Tyr962Asp,PIK3CB,ONCOGENIC,MEDIUM,NON_HOTSPOT,false,MISSENSE,MISSENSE,p.Tyr962Asp,c.2884T>G,962,null,false
PIK3CB Glu552Gly,PIK3CB,ONCOGENIC,MEDIUM,NEAR_HOTSPOT,false,MISSENSE,MISSENSE,p.Glu552Gly,c.1655A>G,552,null,false
PIK3CD Pro292Ser,PIK3CD,TUMOR_SUPPRESSOR,MEDIUM,NON_HOTSPOT,true,MISSENSE,MISSENSE,p.Pro292Ser,c.874C>T,292,null,false
PIK3CD Pro299Leu,PIK3CD,TUMOR_SUPPRESSOR,MEDIUM,NON_HOTSPOT,true,MISSENSE,MISSENSE,p.Pro299Leu,c.896C>T,299,null,false
PIK3CD Pro305Ala,PIK3CD,TUMOR_SUPPRESSOR,LOW,NON_HOTSPOT,false,MISSENSE,MISSENSE,p.Pro305Ala,c.913C>G,305,null,false
PIK3CD Asp1000Tyr,PIK3CD,TUMOR_SUPPRESSOR,LOW,NON_HOTSPOT,false,MISSENSE,MISSENSE,p.Asp1000Tyr,c.2998G>T,1000,null,false
PIK3CG Arg21Trp,PIK3CG,TUMOR_SUPPRESSOR,LOW,NON_HOTSPOT,false,MISSENSE,MISSENSE,p.Arg21Trp,c.61C>T,21,null,false
PIK3CG Arg226His,PIK3CG,TUMOR_SUPPRESSOR,LOW,NON_HOTSPOT,false,MISSENSE,MISSENSE,p.Arg226His,c.677G>A,226,null,false
PIK3CG Asp238Asn,PIK3CG,TUMOR_SUPPRESSOR,LOW,NON_HOTSPOT,true,MISSENSE,MISSENSE,p.Asp238Asn,c.712G>A,238,null,false
PIK3CG Ala505Val,PIK3CG,TUMOR_SUPPRESSOR,LOW,NON_HOTSPOT,true,MISSENSE,MISSENSE,p.Ala505Val,c.1514C>T,505,null,false
PIK3R1 Ala183Val,PIK3R1,TUMOR_SUPPRESSOR,HIGH,NON_HOTSPOT,true,MISSENSE,MISSENSE,p.Ala183Val,c.548C>T,183,null,false
PIK3R1 Pro233fs,PIK3R1,TUMOR_SUPPRESSOR,HIGH,NON_HOTSPOT,false,FRAMESHIFT,NONSENSE_OR_FRAMESHIFT,p.Pro233fs,c.697_700dupCATA,231,null,false
PIK3R1 Glu451_Asn453del,PIK3R1,TUMOR_SUPPRESSOR,HIGH,NON_HOTSPOT,true,INFRAME_DELETION,MISSENSE,p.Glu451_Asn453del,c.1351_1359delGAATATAAC,450,null,false
PIK3R1 Tyr452Cys,PIK3R1,TUMOR_SUPPRESSOR,MEDIUM,NON_HOTSPOT,false,MISSENSE,MISSENSE,p.Tyr452Cys,c.1355A>G,452,null,false
PIK3R1 Thr454Pro,PIK3R1,TUMOR_SUPPRESSOR,HIGH,NON_HOTSPOT,true,MISSENSE,MISSENSE,p.Thr454Pro,c.1360A>C,454,null,false
PIK3R1 Tyr467*,PIK3R1,TUMOR_SUPPRESSOR,HIGH,NON_HOTSPOT,false,STOP_GAINED|FRAMESHIFT,NONSENSE_OR_FRAMESHIFT,p.Tyr467*,c.1399_1400delTA,466,null,false
PIK3R1 Leu570_Ile571del,PIK3R1,TUMOR_SUPPRESSOR,HIGH,NON_HOTSPOT,false,INFRAME_DELETION,MISSENSE,p.Leu570_Ile571del,c.1709_1714delTTATCC,569,null,false
PIK3R1 Gln572_Leu573delinsArgMet,PIK3R1,TUMOR_SUPPRESSOR,HIGH,NON_HOTSPOT,false,MISSENSE,MISSENSE,p.Gln572_Leu573delinsArgMet,c.1715_1717delAGCinsGGA,572,null,false
PIK3R1 ?,PIK3R1,TUMOR_SUPPRESSOR,HIGH,NON_HOTSPOT,false,SPLICE_DONOR|INFRAME_DELETION,SPLICE,p.?,c.1737_1745delATACTTGAT,579,null,false
PIK3R1 Arg639*,PIK3R1,TUMOR_SUPPRESSOR,MEDIUM,NON_HOTSPOT,false,STOP_GAINED,NONSENSE_OR_FRAMESHIFT,p.Arg639*,c.1915C>T,639,null,false
PIK3R3 Leu444Pro,PIK3R3,TUMOR_SUPPRESSOR,LOW,NON_HOTSPOT,true,MISSENSE,MISSENSE,p.Leu444Pro,c.1331T>C,444,null,false
PLCG2 Gln51His,PLCG2,TUMOR_SUPPRESSOR,LOW,NON_HOTSPOT,false,MISSENSE,MISSENSE,p.Gln51His,c.153G>T,51,null,false
PLCG2 Arg89Cys,PLCG2,TUMOR_SUPPRESSOR,LOW,NON_HOTSPOT,false,MISSENSE,MISSENSE,p.Arg89Cys,c.265C>T,89,null,false
PLCG2 Ile161Val,PLCG2,TUMOR_SUPPRESSOR,LOW,NON_HOTSPOT,false,MISSENSE,MISSENSE,p.Ile161Val,c.481A>G,161,null,false
PLCG2 Glu565Asp,PLCG2,TUMOR_SUPPRESSOR,LOW,NON_HOTSPOT,true,MISSENSE,MISSENSE,p.Glu565Asp,c.1695G>C,565,null,false
PLCG2 His585Gln,PLCG2,TUMOR_SUPPRESSOR,LOW,NON_HOTSPOT,false,MISSENSE,MISSENSE,p.His585Gln,c.1755C>G,585,null,false
PLCG2 Asn1097Asp,PLCG2,TUMOR_SUPPRESSOR,LOW,NON_HOTSPOT,false,MISSENSE,MISSENSE,p.Asn1097Asp,c.3289A>G,1097,null,false
PLK2 Ser357Pro,PLK2,TUMOR_SUPPRESSOR,HIGH,NON_HOTSPOT,false,MISSENSE,MISSENSE,p.Ser357Pro,c.1069T>C,357,null,false
PMS1 Gly36Ser,PMS1,TUMOR_SUPPRESSOR,HIGH,NON_HOTSPOT,true,MISSENSE,MISSENSE,p.Gly36Ser,c.106G>A,36,null,false
PMS1 Ala638Thr,PMS1,TUMOR_SUPPRESSOR,MEDIUM,NON_HOTSPOT,true,MISSENSE,MISSENSE,p.Ala638Thr,c.1912G>A,638,null,false
PMS2 Gly228Ser,PMS2,TUMOR_SUPPRESSOR,MEDIUM,NON_HOTSPOT,true,MISSENSE,MISSENSE,p.Gly228Ser,c.682G>A,228,null,false
PNRC1 Ser161Arg,PNRC1,TUMOR_SUPPRESSOR,MEDIUM,NON_HOTSPOT,false,MISSENSE,MISSENSE,p.Ser161Arg,c.483C>A,161,null,false
POLD1 ?,POLD1,TUMOR_SUPPRESSOR,MEDIUM,NON_HOTSPOT,false,SPLICE_DONOR|MISSENSE,SPLICE,p.?,c.758G>T,253,null,false
POLD1 Ile325Met,POLD1,TUMOR_SUPPRESSOR,LOW,NON_HOTSPOT,false,MISSENSE,MISSENSE,p.Ile325Met,c.975C>G,325,null,false
POLD1 Ala810Thr,POLD1,TUMOR_SUPPRESSOR,LOW,NON_HOTSPOT,false,MISSENSE,MISSENSE,p.Ala810Thr,c.2428G>A,810,null,false
POLD1 Arg850His,POLD1,TUMOR_SUPPRESSOR,LOW,NON_HOTSPOT,false,MISSENSE,MISSENSE,p.Arg850His,c.2549G>A,850,null,false
POLD1 Asp893Asn,POLD1,TUMOR_SUPPRESSOR,LOW,NON_HOTSPOT,true,MISSENSE,MISSENSE,p.Asp893Asn,c.2677G>A,893,null,false
POLE ?,POLE,TUMOR_SUPPRESSOR,MEDIUM,NON_HOTSPOT,false,SPLICE_DONOR|MISSENSE,SPLICE,p.?,c.6004G>A,2002,null,false
POLE Glu1577Asp,POLE,TUMOR_SUPPRESSOR,HIGH,NON_HOTSPOT,true,MISSENSE,MISSENSE,p.Glu1577Asp,c.4731G>C,1577,null,false
POLE Glu1213Gln,POLE,TUMOR_SUPPRESSOR,LOW,NON_HOTSPOT,false,MISSENSE,MISSENSE,p.Glu1213Gln,c.3637G>C,1213,null,false
POLE Ser780Leu,POLE,TUMOR_SUPPRESSOR,MEDIUM,NON_HOTSPOT,false,MISSENSE,MISSENSE,p.Ser780Leu,c.2339C>T,780,null,false
POLE Pro697Leu,POLE,TUMOR_SUPPRESSOR,MEDIUM,NON_HOTSPOT,true,MISSENSE,MISSENSE,p.Pro697Leu,c.2090C>T,697,null,false
POLE Val544Met,POLE,TUMOR_SUPPRESSOR,MEDIUM,NON_HOTSPOT,false,MISSENSE,MISSENSE,p.Val544Met,c.1630G>A,544,null,false
POLE Asp529Tyr,POLE,TUMOR_SUPPRESSOR,MEDIUM,NON_HOTSPOT,false,MISSENSE,MISSENSE,p.Asp529Tyr,c.1585G>T,529,null,false
PPARG Asp33Asn,PPARG,TUMOR_SUPPRESSOR,LOW,NON_HOTSPOT,true,MISSENSE,MISSENSE,p.Asp33Asn,c.97G>A,33,null,false
PPM1D Gln127His,PPM1D,ONCOGENIC,MEDIUM,NON_HOTSPOT,false,MISSENSE,MISSENSE,p.Gln127His,c.381G>T,127,null,false
PPM1D Leu355Val,PPM1D,ONCOGENIC,MEDIUM,NON_HOTSPOT,false,MISSENSE,MISSENSE,p.Leu355Val,c.1063T>G,355,null,false
PRDM1 Thr383Met,PRDM1,TUMOR_SUPPRESSOR,HIGH,NON_HOTSPOT,true,MISSENSE,MISSENSE,p.Thr383Met,c.1148C>T,383,null,false
PREX2 Thr936Pro,PREX2,ONCOGENIC,MEDIUM,NON_HOTSPOT,false,MISSENSE,MISSENSE,p.Thr936Pro,c.2806A>C,936,null,false
PREX2 Phe1429Ile,PREX2,ONCOGENIC,MEDIUM,NON_HOTSPOT,true,MISSENSE,MISSENSE,p.Phe1429Ile,c.4285T>A,1429,null,false
PREX2 Ala1435Gly,PREX2,ONCOGENIC,MEDIUM,NON_HOTSPOT,false,MISSENSE,MISSENSE,p.Ala1435Gly,c.4304C>G,1435,null,false
PREX2 Gly1522Asp,PREX2,ONCOGENIC,MEDIUM,NON_HOTSPOT,true,MISSENSE,MISSENSE,p.Gly1522Asp,c.4565G>A,1522,null,false
PRKAR1A Gln28Glu,PRKAR1A,TUMOR_SUPPRESSOR,LOW,NON_HOTSPOT,false,MISSENSE,MISSENSE,p.Gln28Glu,c.82C>G,28,null,false
PRKCI Leu185Val,PRKCI,TUMOR_SUPPRESSOR,LOW,NON_HOTSPOT,false,MISSENSE,MISSENSE,p.Leu185Val,c.553C>G,185,null,false
PRKCI Tyr368Cys,PRKCI,TUMOR_SUPPRESSOR,LOW,NON_HOTSPOT,false,MISSENSE,MISSENSE,p.Tyr368Cys,c.1103A>G,368,null,false
PRKDC Arg3964Cys,PRKDC,TUMOR_SUPPRESSOR,LOW,NON_HOTSPOT,true,MISSENSE,MISSENSE,p.Arg3964Cys,c.11890C>T,3964,null,false
PRKDC Glu3932Gly,PRKDC,TUMOR_SUPPRESSOR,HIGH,NON_HOTSPOT,false,MISSENSE,MISSENSE,p.Glu3932Gly,c.11795A>G,3932,null,false
PRKDC Asn3659Ser,PRKDC,TUMOR_SUPPRESSOR,LOW,NON_HOTSPOT,false,MISSENSE,MISSENSE,p.Asn3659Ser,c.10976A>G,3659,null,false
PRKDC Pro3599Thr,PRKDC,TUMOR_SUPPRESSOR,MEDIUM,NON_HOTSPOT,false,MISSENSE,MISSENSE,p.Pro3599Thr,c.10795C>A,3599,null,false
PRKDC Thr3598fs,PRKDC,TUMOR_SUPPRESSOR,MEDIUM,NON_HOTSPOT,false,FRAMESHIFT,NONSENSE_OR_FRAMESHIFT,p.Thr3598fs,c.10792delA,3597,null,false
PRKDC Arg3424Leu,PRKDC,TUMOR_SUPPRESSOR,MEDIUM,NON_HOTSPOT,true,MISSENSE,MISSENSE,p.Arg3424Leu,c.10271G>T,3424,null,false
PRKDC Arg3286Gln,PRKDC,TUMOR_SUPPRESSOR,LOW,NON_HOTSPOT,false,MISSENSE,MISSENSE,p.Arg3286Gln,c.9857G>A,3286,null,false
PRKDC Gln3147Glu,PRKDC,TUMOR_SUPPRESSOR,LOW,NON_HOTSPOT,false,MISSENSE,MISSENSE,p.Gln3147Glu,c.9439C>G,3147,null,false
PRKDC Asp3093Gly,PRKDC,TUMOR_SUPPRESSOR,LOW,NON_HOTSPOT,false,MISSENSE,MISSENSE,p.Asp3093Gly,c.9278A>G,3093,null,false
PRKDC Tyr3081Cys,PRKDC,TUMOR_SUPPRESSOR,MEDIUM,NON_HOTSPOT,true,MISSENSE,MISSENSE,p.Tyr3081Cys,c.9242A>G,3081,null,false
PRKDC ?,PRKDC,TUMOR_SUPPRESSOR,MEDIUM,NON_HOTSPOT,false,SPLICE_DONOR|SYNONYMOUS,SPLICE,p.?,c.9108G>A,3036,null,false
PRKDC Val2937Ile,PRKDC,TUMOR_SUPPRESSOR,MEDIUM,NON_HOTSPOT,false,MISSENSE,MISSENSE,p.Val2937Ile,c.8809G>A,2937,null,false
PRKDC Ser2654Leu,PRKDC,TUMOR_SUPPRESSOR,LOW,NON_HOTSPOT,false,MISSENSE,MISSENSE,p.Ser2654Leu,c.7961C>T,2654,null,false
PRKDC His2641Leu,PRKDC,TUMOR_SUPPRESSOR,HIGH,NON_HOTSPOT,false,MISSENSE,MISSENSE,p.His2641Leu,c.7922A>T,2641,null,false
PRKDC Phe2144Leu,PRKDC,TUMOR_SUPPRESSOR,LOW,NON_HOTSPOT,false,MISSENSE,MISSENSE,p.Phe2144Leu,c.6432C>A,2144,null,false
PRKDC Gly2016Trp,PRKDC,TUMOR_SUPPRESSOR,LOW,NON_HOTSPOT,true,MISSENSE,MISSENSE,p.Gly2016Trp,c.6046G>T,2016,null,false
PRKDC Leu1958Ile,PRKDC,TUMOR_SUPPRESSOR,LOW,NON_HOTSPOT,false,MISSENSE,MISSENSE,p.Leu1958Ile,c.5872T>A,1958,null,false
PRKDC Thr1702Ile,PRKDC,TUMOR_SUPPRESSOR,MEDIUM,NON_HOTSPOT,true,MISSENSE,MISSENSE,p.Thr1702Ile,c.5105C>T,1702,null,false
PRKDC Phe995Leu,PRKDC,TUMOR_SUPPRESSOR,LOW,NON_HOTSPOT,false,MISSENSE,MISSENSE,p.Phe995Leu,c.2985C>A,995,null,false
PRSS8 Gly248Cys,PRSS8,TUMOR_SUPPRESSOR,LOW,NON_HOTSPOT,false,MISSENSE,MISSENSE,p.Gly248Cys,c.742G>T,248,null,false
PTCH1 Asp1305Tyr,PTCH1,TUMOR_SUPPRESSOR,LOW,NON_HOTSPOT,true,MISSENSE,MISSENSE,p.Asp1305Tyr,c.3913G>T,1305,null,false
PTCH1 Ala933Val,PTCH1,TUMOR_SUPPRESSOR,LOW,NON_HOTSPOT,true,MISSENSE,MISSENSE,p.Ala933Val,c.2798C>T,933,null,false
PTCH1 Gln853Arg,PTCH1,TUMOR_SUPPRESSOR,LOW,NON_HOTSPOT,true,MISSENSE,MISSENSE,p.Gln853Arg,c.2558A>G,853,null,false
PTCH1 Pro813Ala,PTCH1,TUMOR_SUPPRESSOR,LOW,NON_HOTSPOT,false,MISSENSE,MISSENSE,p.Pro813Ala,c.2437C>G,813,null,false
PTEN Tyr16*,PTEN,TUMOR_SUPPRESSOR,HIGH,NEAR_HOTSPOT,false,STOP_GAINED,NONSENSE_OR_FRAMESHIFT,p.Tyr16*,c.48T>G,16,null,false
PTEN Phe37_Arg41del,PTEN,TUMOR_SUPPRESSOR,HIGH,NEAR_HOTSPOT,true,INFRAME_DELETION,MISSENSE,p.Phe37_Arg41del,c.109_123delTTTCCTGCAGAAAGA,36,null,false
PTEN Ala79Thr,PTEN,TUMOR_SUPPRESSOR,HIGH,NON_HOTSPOT,false,MISSENSE,MISSENSE,p.Ala79Thr,c.235G>A,79,null,false
PTEN His93Arg,PTEN,TUMOR_SUPPRESSOR,HIGH,HOTSPOT,false,MISSENSE,MISSENSE,p.His93Arg,c.278A>G,93,null,false
PTEN Arg130Gln,PTEN,TUMOR_SUPPRESSOR,HIGH,HOTSPOT,true,MISSENSE,MISSENSE,p.Arg130Gln,c.389G>A,130,null,false
PTEN Arg130Pro,PTEN,TUMOR_SUPPRESSOR,HIGH,HOTSPOT,false,MISSENSE,MISSENSE,p.Arg130Pro,c.389G>C,130,null,false
PTEN Tyr177fs,PTEN,TUMOR_SUPPRESSOR,HIGH,NEAR_HOTSPOT,false,FRAMESHIFT,NONSENSE_OR_FRAMESHIFT,p.Tyr177fs,c.529_532delTATT,176,null,false
PTEN Pro244fs,PTEN,TUMOR_SUPPRESSOR,HIGH,NEAR_HOTSPOT,false,FRAMESHIFT,NONSENSE_OR_FRAMESHIFT,p.Pro244fs,c.730delC,243,null,false
PTEN Glu256*,PTEN,TUMOR_SUPPRESSOR,HIGH,NON_HOTSPOT,true,STOP_GAINED,NONSENSE_OR_FRAMESHIFT,p.Glu256*,c.766G>T,256,null,false
PTEN Met270fs,PTEN,TUMOR_SUPPRESSOR,HIGH,NON_HOTSPOT,false,FRAMESHIFT,NONSENSE_OR_FRAMESHIFT,p.Met270fs,c.809dupA,268,null,false
PTEN Phe279fs,PTEN,TUMOR_SUPPRESSOR,HIGH,NON_HOTSPOT,false,FRAMESHIFT,NONSENSE_OR_FRAMESHIFT,p.Phe279fs,c.836delT,278,null,false
PTEN Leu318fs,PTEN,TUMOR_SUPPRESSOR,HIGH,HOTSPOT,true,FRAMESHIFT,NONSENSE_OR_FRAMESHIFT,p.Leu318fs,c.954_957delTACT,317,null,false
PTPN11 Ala393Thr,PTPN11,ONCOGENIC,MEDIUM,NON_HOTSPOT,false,MISSENSE,MISSENSE,p.Ala393Thr,c.1177G>A,393,null,false
PTPN11 Met504Val,PTPN11,ONCOGENIC,MEDIUM,NEAR_HOTSPOT,false,MISSENSE,MISSENSE,p.Met504Val,c.1510A>G,504,null,false
PTPRS Pro1809Leu,PTPRS,TUMOR_SUPPRESSOR,HIGH,NON_HOTSPOT,true,MISSENSE,MISSENSE,p.Pro1809Leu,c.5426C>T,1809,null,false
PTPRS Arg1016Gln,PTPRS,TUMOR_SUPPRESSOR,HIGH,NON_HOTSPOT,true,MISSENSE,MISSENSE,p.Arg1016Gln,c.3047G>A,1016,null,false
PTPRS ?,PTPRS,TUMOR_SUPPRESSOR,MEDIUM,NON_HOTSPOT,false,SPLICE_DONOR|INTRONIC,SPLICE,p.?,c.2376+1G>C,792,null,false
PTPRS Val711Met,PTPRS,TUMOR_SUPPRESSOR,MEDIUM,NON_HOTSPOT,false,MISSENSE,MISSENSE,p.Val711Met,c.2131G>A,711,null,false
PTPRS Arg640Cys,PTPRS,TUMOR_SUPPRESSOR,HIGH,NON_HOTSPOT,true,MISSENSE,MISSENSE,p.Arg640Cys,c.1918C>T,640,null,false
PTPRS Pro622fs,PTPRS,TUMOR_SUPPRESSOR,HIGH,NON_HOTSPOT,false,FRAMESHIFT,NONSENSE_OR_FRAMESHIFT,p.Pro622fs,c.1865delC,622,null,false
PTPRT Tyr1367Cys,PTPRT,TUMOR_SUPPRESSOR,MEDIUM,NON_HOTSPOT,false,MISSENSE,MISSENSE,p.Tyr1367Cys,c.4100A>G,1367,null,false
PTPRT Val1153Leu,PTPRT,TUMOR_SUPPRESSOR,MEDIUM,NON_HOTSPOT,false,MISSENSE,MISSENSE,p.Val1153Leu,c.3457G>C,1153,null,false
PTPRT Asn1114Ile,PTPRT,TUMOR_SUPPRESSOR,LOW,NON_HOTSPOT,false,MISSENSE,MISSENSE,p.Asn1114Ile,c.3341A>T,1114,null,false
PTPRT Asp817Glu,PTPRT,TUMOR_SUPPRESSOR,MEDIUM,NON_HOTSPOT,false,MISSENSE,MISSENSE,p.Asp817Glu,c.2451T>A,817,null,false
PTPRT Asn712Ser,PTPRT,TUMOR_SUPPRESSOR,HIGH,NON_HOTSPOT,true,MISSENSE,MISSENSE,p.Asn712Ser,c.2135A>G,712,null,false
PTPRT Arg461*,PTPRT,TUMOR_SUPPRESSOR,HIGH,NON_HOTSPOT,false,STOP_GAINED,NONSENSE_OR_FRAMESHIFT,p.Arg461*,c.1381C>T,461,null,false
PTPRT Arg453fs,PTPRT,TUMOR_SUPPRESSOR,HIGH,NON_HOTSPOT,false,FRAMESHIFT,NONSENSE_OR_FRAMESHIFT,p.Arg453fs,c.1356_1363delGCGCCCCT,452,null,false
PTPRT Pro372Leu,PTPRT,TUMOR_SUPPRESSOR,MEDIUM,NON_HOTSPOT,false,MISSENSE,MISSENSE,p.Pro372Leu,c.1115C>T,372,null,false
PTPRT Glu326Gly,PTPRT,TUMOR_SUPPRESSOR,HIGH,NON_HOTSPOT,true,MISSENSE,MISSENSE,p.Glu326Gly,c.977A>G,326,null,false
PTPRT ?,PTPRT,TUMOR_SUPPRESSOR,MEDIUM,NON_HOTSPOT,false,SPLICE_ACCEPTOR|INTRONIC,SPLICE,p.?,c.860-2A>G,287,null,false
RAB35 Thr191Met,RAB35,TUMOR_SUPPRESSOR,LOW,NON_HOTSPOT,true,MISSENSE,MISSENSE,p.Thr191Met,c.572C>T,191,null,false
RAD50 Lys973Met,RAD50,TUMOR_SUPPRESSOR,MEDIUM,NON_HOTSPOT,true,MISSENSE,MISSENSE,p.Lys973Met,c.2918A>T,973,null,false
RAD51D Ser287Phe,RAD51D,TUMOR_SUPPRESSOR,LOW,NON_HOTSPOT,false,MISSENSE,MISSENSE,p.Ser287Phe,c.860C>T,287,null,false
RAD51D Asp260Val,RAD51D,TUMOR_SUPPRESSOR,LOW,NON_HOTSPOT,false,MISSENSE,MISSENSE,p.Asp260Val,c.779A>T,260,null,false
RAD52 Arg348Thr,RAD52,TUMOR_SUPPRESSOR,LOW,NON_HOTSPOT,false,MISSENSE,MISSENSE,p.Arg348Thr,c.1043G>C,348,null,false
RAD52 Ser247fs,RAD52,TUMOR_SUPPRESSOR,LOW,NON_HOTSPOT,false,FRAMESHIFT,NONSENSE_OR_FRAMESHIFT,p.Ser247fs,c.738_744delATCCGCC,246,null,false
RAD52 Ala248Thr,RAD52,TUMOR_SUPPRESSOR,LOW,NON_HOTSPOT,true,MISSENSE,MISSENSE,p.Ala248Thr,c.742G>A,248,null,false
RAD54L Arg380Trp,RAD54L,TUMOR_SUPPRESSOR,LOW,NON_HOTSPOT,true,MISSENSE,MISSENSE,p.Arg380Trp,c.1138C>T,380,null,false
RAD54L Arg511Cys,RAD54L,TUMOR_SUPPRESSOR,LOW,NON_HOTSPOT,false,MISSENSE,MISSENSE,p.Arg511Cys,c.1531C>T,511,null,false
RAD54L Val541Ile,RAD54L,TUMOR_SUPPRESSOR,LOW,NON_HOTSPOT,false,MISSENSE,MISSENSE,p.Val541Ile,c.1621G>A,541,null,false
RAF1 Ser567Phe,RAF1,ONCOGENIC,LOW,NON_HOTSPOT,false,MISSENSE,MISSENSE,p.Ser567Phe,c.1700C>T,567,null,false
RAF1 Asn161Ser,RAF1,ONCOGENIC,LOW,NON_HOTSPOT,true,MISSENSE,MISSENSE,p.Asn161Ser,c.482A>G,161,null,false
RANBP2 Ile999Met,RANBP2,TUMOR_SUPPRESSOR,LOW,NON_HOTSPOT,false,MISSENSE,MISSENSE,p.Ile999Met,c.2997A>G,999,null,false
RANBP2 Lys1139Thr,RANBP2,TUMOR_SUPPRESSOR,LOW,NON_HOTSPOT,false,MISSENSE,MISSENSE,p.Lys1139Thr,c.3416A>C,1139,null,false
RARA Val191Leu,RARA,ONCOGENIC,MEDIUM,NON_HOTSPOT,false,MISSENSE,MISSENSE,p.Val191Leu,c.571G>C,191,null,false
RARA Pro446Leu,RARA,ONCOGENIC,HIGH,NON_HOTSPOT,true,MISSENSE,MISSENSE,p.Pro446Leu,c.1337C>T,446,null,false
RASA1 Gly62Asp,RASA1,TUMOR_SUPPRESSOR,MEDIUM,NON_HOTSPOT,false,MISSENSE,MISSENSE,p.Gly62Asp,c.185G>A,62,null,false
RASA1 Ala92_Ala98del,RASA1,TUMOR_SUPPRESSOR,HIGH,NON_HOTSPOT,false,INFRAME_DELETION,MISSENSE,p.Ala92_Ala98del,c.285_305delAGCTGGTGCTGCTGCTGGCGT,91,null,false
RASA1 Val625Leu,RASA1,TUMOR_SUPPRESSOR,MEDIUM,NON_HOTSPOT,false,MISSENSE,MISSENSE,p.Val625Leu,c.1873G>C,625,null,false
RB1 ?,RB1,TUMOR_SUPPRESSOR,HIGH,NON_HOTSPOT,true,SPLICE_ACCEPTOR|INTRONIC,SPLICE,p.?,c.1333-1G>T,445,null,false
RB1 Glu458Lys,RB1,TUMOR_SUPPRESSOR,MEDIUM,NON_HOTSPOT,false,MISSENSE,MISSENSE,p.Glu458Lys,c.1372G>A,458,null,false
RB1 Leu486Phe,RB1,TUMOR_SUPPRESSOR,MEDIUM,NON_HOTSPOT,false,MISSENSE,MISSENSE,p.Leu486Phe,c.1458A>C,486,null,false
RB1 Ser503Cys,RB1,TUMOR_SUPPRESSOR,MEDIUM,NON_HOTSPOT,false,MISSENSE,MISSENSE,p.Ser503Cys,c.1508C>G,503,null,false
RB1 Asp604fs,RB1,TUMOR_SUPPRESSOR,HIGH,NON_HOTSPOT,true,FRAMESHIFT,NONSENSE_OR_FRAMESHIFT,p.Asp604fs,c.1810dupA,603,null,false
RBM10 Glu429Lys,RBM10,TUMOR_SUPPRESSOR,LOW,NON_HOTSPOT,false,MISSENSE,MISSENSE,p.Glu429Lys,c.1285G>A,429,null,false
RBM10 Glu513Lys,RBM10,TUMOR_SUPPRESSOR,HIGH,NON_HOTSPOT,false,MISSENSE,MISSENSE,p.Glu513Lys,c.1537G>A,513,null,false
RBM10 Thr577Ile,RBM10,TUMOR_SUPPRESSOR,LOW,NON_HOTSPOT,false,MISSENSE,MISSENSE,p.Thr577Ile,c.1730C>T,577,null,false
RBM10 Glu705*,RBM10,TUMOR_SUPPRESSOR,MEDIUM,NON_HOTSPOT,false,STOP_GAINED,NONSENSE_OR_FRAMESHIFT,p.Glu705*,c.2113G>T,705,null,false
RBM10 Phe768Val,RBM10,TUMOR_SUPPRESSOR,LOW,NON_HOTSPOT,true,MISSENSE,MISSENSE,p.Phe768Val,c.2302T>G,768,null,false
RBM10 Ser781*,RBM10,TUMOR_SUPPRESSOR,HIGH,NON_HOTSPOT,false,STOP_GAINED,NONSENSE_OR_FRAMESHIFT,p.Ser781*,c.2342C>A,781,null,false
RECQL4 Gly1197Asp,RECQL4,TUMOR_SUPPRESSOR,MEDIUM,NON_HOTSPOT,false,MISSENSE,MISSENSE,p.Gly1197Asp,c.3590G>A,1197,null,false
RECQL4 Leu885Phe,RECQL4,TUMOR_SUPPRESSOR,MEDIUM,NON_HOTSPOT,false,MISSENSE,MISSENSE,p.Leu885Phe,c.2653C>T,885,null,false
RECQL4 ?,RECQL4,TUMOR_SUPPRESSOR,HIGH,NON_HOTSPOT,true,SPLICE_DONOR|SYNONYMOUS,SPLICE,p.?,c.2463G>A,821,null,false
RECQL4 ?,RECQL4,TUMOR_SUPPRESSOR,HIGH,NON_HOTSPOT,true,SPLICE_DONOR|SYNONYMOUS,SPLICE,p.?,c.1878G>A,626,null,false
RECQL4 Gln475His,RECQL4,TUMOR_SUPPRESSOR,HIGH,NON_HOTSPOT,false,MISSENSE,MISSENSE,p.Gln475His,c.1425G>T,475,null,false
RECQL4 Gln408His,RECQL4,TUMOR_SUPPRESSOR,LOW,NON_HOTSPOT,false,MISSENSE,MISSENSE,p.Gln408His,c.1224G>C,408,null,false
RECQL4 Pro324Ser,RECQL4,TUMOR_SUPPRESSOR,HIGH,NON_HOTSPOT,true,MISSENSE,MISSENSE,p.Pro324Ser,c.970C>T,324,null,false
RECQL4 Glu238Lys,RECQL4,TUMOR_SUPPRESSOR,HIGH,NON_HOTSPOT,false,MISSENSE,MISSENSE,p.Glu238Lys,c.712G>A,238,null,false
RECQL4 Ala69Val,RECQL4,TUMOR_SUPPRESSOR,HIGH,NON_HOTSPOT,true,MISSENSE,MISSENSE,p.Ala69Val,c.206C>T,69,null,false
REL Asp139Asn,REL,ONCOGENIC,LOW,NON_HOTSPOT,false,MISSENSE,MISSENSE,p.Asp139Asn,c.415G>A,139,null,false
REL Val372Ile,REL,ONCOGENIC,LOW,NON_HOTSPOT,false,MISSENSE,MISSENSE,p.Val372Ile,c.1114G>A,372,null,false
REL Pro512Ser,REL,ONCOGENIC,LOW,NON_HOTSPOT,false,MISSENSE,MISSENSE,p.Pro512Ser,c.1534C>T,512,null,false
REL Glu563Gln,REL,ONCOGENIC,LOW,NON_HOTSPOT,false,MISSENSE,MISSENSE,p.Glu563Gln,c.1687G>C,563,null,false
RET Tyr96Phe,RET,ONCOGENIC,LOW,NON_HOTSPOT,false,MISSENSE,MISSENSE,p.Tyr96Phe,c.287A>T,96,null,false
RET Glu265Lys,RET,ONCOGENIC,LOW,NON_HOTSPOT,false,MISSENSE,MISSENSE,p.Glu265Lys,c.793G>A,265,null,false
RET Ala498Val,RET,ONCOGENIC,LOW,NON_HOTSPOT,true,MISSENSE,MISSENSE,p.Ala498Val,c.1493C>T,498,null,false
RET Asn579Lys,RET,ONCOGENIC,LOW,NON_HOTSPOT,false,MISSENSE,MISSENSE,p.Asn579Lys,c.1737C>G,579,null,false
RET Ser696Leu,RET,ONCOGENIC,LOW,NON_HOTSPOT,false,MISSENSE,MISSENSE,p.Ser696Leu,c.2087C>T,696,null,false
RET Ser1002Asn,RET,ONCOGENIC,LOW,NON_HOTSPOT,true,MISSENSE,MISSENSE,p.Ser1002Asn,c.3005G>A,1002,null,false
RET Lys1011Glu,RET,ONCOGENIC,LOW,NON_HOTSPOT,true,MISSENSE,MISSENSE,p.Lys1011Glu,c.3031A>G,1011,null,false
RHOA Tyr66Cys,RHOA,ONCOGENIC,MEDIUM,NON_HOTSPOT,false,MISSENSE,MISSENSE,p.Tyr66Cys,c.197A>G,66,null,false
RHOA Gly17Glu,RHOA,ONCOGENIC,HIGH,HOTSPOT,false,MISSENSE,MISSENSE,p.Gly17Glu,c.50G>A,17,null,false
RICTOR Leu1303Phe,RICTOR,TUMOR_SUPPRESSOR,MEDIUM,NON_HOTSPOT,false,MISSENSE,MISSENSE,p.Leu1303Phe,c.3907C>T,1303,null,false
RICTOR Gln1154Pro,RICTOR,TUMOR_SUPPRESSOR,MEDIUM,NON_HOTSPOT,true,MISSENSE,MISSENSE,p.Gln1154Pro,c.3461A>C,1154,null,false
RICTOR Arg873His,RICTOR,TUMOR_SUPPRESSOR,LOW,NON_HOTSPOT,false,MISSENSE,MISSENSE,p.Arg873His,c.2618G>A,873,null,false
RICTOR Arg576Thr,RICTOR,TUMOR_SUPPRESSOR,LOW,NON_HOTSPOT,false,MISSENSE,MISSENSE,p.Arg576Thr,c.1727G>C,576,null,false
RICTOR Arg478Leu,RICTOR,TUMOR_SUPPRESSOR,LOW,NON_HOTSPOT,false,MISSENSE,MISSENSE,p.Arg478Leu,c.1433G>T,478,null,false
RICTOR Pro338Ser,RICTOR,TUMOR_SUPPRESSOR,MEDIUM,NON_HOTSPOT,false,MISSENSE,MISSENSE,p.Pro338Ser,c.1012C>T,338,null,false
RNF43 Thr527Asn,RNF43,TUMOR_SUPPRESSOR,MEDIUM,NON_HOTSPOT,false,MISSENSE,MISSENSE,p.Thr527Asn,c.1580C>A,527,null,false
RNF43 Met522Leu,RNF43,TUMOR_SUPPRESSOR,MEDIUM,NON_HOTSPOT,false,MISSENSE,MISSENSE,p.Met522Leu,c.1564A>C,522,null,false
RNF43 Arg371*,RNF43,TUMOR_SUPPRESSOR,HIGH,NON_HOTSPOT,false,STOP_GAINED,NONSENSE_OR_FRAMESHIFT,p.Arg371*,c.1111C>T,371,null,false
RNF43 Ile104Ser,RNF43,TUMOR_SUPPRESSOR,HIGH,NON_HOTSPOT,true,MISSENSE,MISSENSE,p.Ile104Ser,c.311T>G,104,null,false
ROS1 Ala2233Thr,ROS1,ONCOGENIC,LOW,NON_HOTSPOT,true,MISSENSE,MISSENSE,p.Ala2233Thr,c.6697G>A,2233,null,false
ROS1 Thr1465Ile,ROS1,ONCOGENIC,LOW,NON_HOTSPOT,false,MISSENSE,MISSENSE,p.Thr1465Ile,c.4394C>T,1465,null,false
ROS1 Arg1311Gln,ROS1,ONCOGENIC,LOW,NON_HOTSPOT,true,MISSENSE,MISSENSE,p.Arg1311Gln,c.3932G>A,1311,null,false
ROS1 Arg1286His,ROS1,ONCOGENIC,LOW,NON_HOTSPOT,true,MISSENSE,MISSENSE,p.Arg1286His,c.3857G>A,1286,null,false
ROS1 Arg1048Ser,ROS1,ONCOGENIC,LOW,NON_HOTSPOT,false,MISSENSE,MISSENSE,p.Arg1048Ser,c.3144A>C,1048,null,false
ROS1 Tyr846Cys,ROS1,ONCOGENIC,LOW,NON_HOTSPOT,true,MISSENSE,MISSENSE,p.Tyr846Cys,c.2537A>G,846,null,false
ROS1 Ser641Arg,ROS1,ONCOGENIC,LOW,NON_HOTSPOT,false,MISSENSE,MISSENSE,p.Ser641Arg,c.1923T>A,641,null,false
ROS1 Gly365Ala,ROS1,ONCOGENIC,LOW,NON_HOTSPOT,true,MISSENSE,MISSENSE,p.Gly365Ala,c.1094G>C,365,null,false
RPS6KA4 Gly563Glu,RPS6KA4,TUMOR_SUPPRESSOR,LOW,NON_HOTSPOT,false,MISSENSE,MISSENSE,p.Gly563Glu,c.1688G>A,563,null,false
RPS6KA4 Met601Ile,RPS6KA4,TUMOR_SUPPRESSOR,LOW,NON_HOTSPOT,false,MISSENSE,MISSENSE,p.Met601Ile,c.1803G>C,601,null,false
RPTOR Val1040Ile,RPTOR,TUMOR_SUPPRESSOR,LOW,NON_HOTSPOT,true,MISSENSE,MISSENSE,p.Val1040Ile,c.3118G>A,1040,null,false
RPTOR Thr1206Met,RPTOR,TUMOR_SUPPRESSOR,LOW,NON_HOTSPOT,true,MISSENSE,MISSENSE,p.Thr1206Met,c.3617C>T,1206,null,false
RUNX1 Pro333Arg,RUNX1,TUMOR_SUPPRESSOR,MEDIUM,NON_HOTSPOT,false,MISSENSE,MISSENSE,p.Pro333Arg,c.998C>G,333,null,false
RUNX1 Gln262*,RUNX1,TUMOR_SUPPRESSOR,MEDIUM,NON_HOTSPOT,false,STOP_GAINED,NONSENSE_OR_FRAMESHIFT,p.Gln262*,c.784C>T,262,null,false
RUNX1 Tyr189*,RUNX1,TUMOR_SUPPRESSOR,HIGH,NON_HOTSPOT,true,STOP_GAINED,NONSENSE_OR_FRAMESHIFT,p.Tyr189*,c.567C>G,189,null,false
RUNX1 Ala63Thr,RUNX1,TUMOR_SUPPRESSOR,MEDIUM,NON_HOTSPOT,false,MISSENSE,MISSENSE,p.Ala63Thr,c.187G>A,63,null,false
RUNX1T1 Arg286Gln,RUNX1T1,TUMOR_SUPPRESSOR,LOW,NON_HOTSPOT,false,MISSENSE,MISSENSE,p.Arg286Gln,c.857G>A,286,null,false
RUNX1T1 Gln216His,RUNX1T1,TUMOR_SUPPRESSOR,LOW,NON_HOTSPOT,false,MISSENSE,MISSENSE,p.Gln216His,c.648G>C,216,null,false
RUNX1T1 Asp5His,RUNX1T1,TUMOR_SUPPRESSOR,LOW,NON_HOTSPOT,false,MISSENSE,MISSENSE,p.Asp5His,c.13G>C,5,null,false
RUNX1T1 Cys2Tyr,RUNX1T1,TUMOR_SUPPRESSOR,MEDIUM,NON_HOTSPOT,false,MISSENSE,MISSENSE,p.Cys2Tyr,c.5G>A,2,null,false
RYBP Val154_Gln157del,RYBP,TUMOR_SUPPRESSOR,LOW,NON_HOTSPOT,false,INFRAME_DELETION,MISSENSE,p.Val154_Gln157del,c.459_470delAGTGGCACAACA,153,null,false
SDHA Asp503Asn,SDHA,TUMOR_SUPPRESSOR,LOW,NON_HOTSPOT,false,MISSENSE,MISSENSE,p.Asp503Asn,c.1507G>A,503,null,false
SETBP1 Gly45Arg,SETBP1,ONCOGENIC,MEDIUM,NON_HOTSPOT,true,MISSENSE,MISSENSE,p.Gly45Arg,c.133G>A,45,null,false
SETBP1 Ser423Pro,SETBP1,ONCOGENIC,LOW,NON_HOTSPOT,false,MISSENSE,MISSENSE,p.Ser423Pro,c.1267T>C,423,null,false
SETBP1 Ala426Glu,SETBP1,ONCOGENIC,MEDIUM,NON_HOTSPOT,true,MISSENSE,MISSENSE,p.Ala426Glu,c.1277C>A,426,null,false
SETBP1 Glu697Gly,SETBP1,ONCOGENIC,MEDIUM,NON_HOTSPOT,false,MISSENSE,MISSENSE,p.Glu697Gly,c.2090A>G,697,null,false
SETBP1 Met1029Ile,SETBP1,ONCOGENIC,MEDIUM,NON_HOTSPOT,false,MISSENSE,MISSENSE,p.Met1029Ile,c.3087G>A,1029,null,false
SETBP1 Ser1337Thr,SETBP1,ONCOGENIC,MEDIUM,NON_HOTSPOT,true,MISSENSE,MISSENSE,p.Ser1337Thr,c.4010G>C,1337,null,false
SETBP1 Val1594Asp,SETBP1,ONCOGENIC,LOW,NON_HOTSPOT,false,MISSENSE,MISSENSE,p.Val1594Asp,c.4781T>A,1594,null,false
SETD2 Thr2354Ala,SETD2,TUMOR_SUPPRESSOR,MEDIUM,NON_HOTSPOT,false,MISSENSE,MISSENSE,p.Thr2354Ala,c.7060A>G,2354,null,false
SETD2 Thr521Ser,SETD2,TUMOR_SUPPRESSOR,HIGH,NON_HOTSPOT,true,MISSENSE,MISSENSE,p.Thr521Ser,c.1562C>G,521,null,false
SF3B1 Asn1213_Tyr1214insLeuLeuAsn,SF3B1,ONCOGENIC,HIGH,NON_HOTSPOT,false,INFRAME_INSERTION,MISSENSE,p.Asn1213_Tyr1214insLeuLeuAsn,c.3632_3640dupTGTTGAACT,1214,null,false
SF3B1 Asn626Asp,SF3B1,ONCOGENIC,MEDIUM,NEAR_HOTSPOT,false,MISSENSE,MISSENSE,p.Asn626Asp,c.1876A>G,626,null,false
SH2B3 Glu301Lys,SH2B3,TUMOR_SUPPRESSOR,LOW,NON_HOTSPOT,false,MISSENSE,MISSENSE,p.Glu301Lys,c.901G>A,301,null,false
SH2B3 Ser444Leu,SH2B3,TUMOR_SUPPRESSOR,LOW,NON_HOTSPOT,true,MISSENSE,MISSENSE,p.Ser444Leu,c.1331C>T,444,null,false
SH2B3 Arg562Trp,SH2B3,TUMOR_SUPPRESSOR,LOW,NON_HOTSPOT,false,MISSENSE,MISSENSE,p.Arg562Trp,c.1684C>T,562,null,false
SHQ1 Gly571Ser,SHQ1,TUMOR_SUPPRESSOR,LOW,NON_HOTSPOT,true,MISSENSE,MISSENSE,p.Gly571Ser,c.1711G>A,571,null,false
SHQ1 Tyr386fs,SHQ1,TUMOR_SUPPRESSOR,HIGH,NON_HOTSPOT,true,FRAMESHIFT,NONSENSE_OR_FRAMESHIFT,p.Tyr386fs,c.1156dupT,386,null,false
SHQ1 Asp277fs,SHQ1,TUMOR_SUPPRESSOR,LOW,NON_HOTSPOT,false,FRAMESHIFT,NONSENSE_OR_FRAMESHIFT,p.Asp277fs,c.828_831delTGAT,276,null,false
SLIT2 Thr126Ser,SLIT2,TUMOR_SUPPRESSOR,MEDIUM,NON_HOTSPOT,true,MISSENSE,MISSENSE,p.Thr126Ser,c.376A>T,126,null,false
SLIT2 Thr1021_Cys1022del,SLIT2,TUMOR_SUPPRESSOR,LOW,NON_HOTSPOT,false,INFRAME_DELETION,MISSENSE,p.Thr1021_Cys1022del,c.3061_3066delACATGC,1020,null,false
SLIT2 Arg1454*,SLIT2,TUMOR_SUPPRESSOR,HIGH,NON_HOTSPOT,true,STOP_GAINED,NONSENSE_OR_FRAMESHIFT,p.Arg1454*,c.4360C>T,1454,null,false
SLX4 Ala1755Val,SLX4,TUMOR_SUPPRESSOR,LOW,NON_HOTSPOT,true,MISSENSE,MISSENSE,p.Ala1755Val,c.5264C>T,1755,null,false
SLX4 Arg1550Gln,SLX4,TUMOR_SUPPRESSOR,LOW,NON_HOTSPOT,false,MISSENSE,MISSENSE,p.Arg1550Gln,c.4649G>A,1550,null,false
SLX4 Arg1456His,SLX4,TUMOR_SUPPRESSOR,LOW,NON_HOTSPOT,false,MISSENSE,MISSENSE,p.Arg1456His,c.4367G>A,1456,null,false
SLX4 Val1393del,SLX4,TUMOR_SUPPRESSOR,LOW,NON_HOTSPOT,false,INFRAME_DELETION,MISSENSE,p.Val1393del,c.4178_4180delTGG,1393,null,false
SLX4 Ser1249Leu,SLX4,TUMOR_SUPPRESSOR,LOW,NON_HOTSPOT,false,MISSENSE,MISSENSE,p.Ser1249Leu,c.3745_3746delAGinsCT,1249,null,false
SLX4 Asp1198His,SLX4,TUMOR_SUPPRESSOR,LOW,NON_HOTSPOT,false,MISSENSE,MISSENSE,p.Asp1198His,c.3592G>C,1198,null,false
SLX4 Arg1103Cys,SLX4,TUMOR_SUPPRESSOR,LOW,NON_HOTSPOT,false,MISSENSE,MISSENSE,p.Arg1103Cys,c.3307C>T,1103,null,false
SLX4 Gly778Arg,SLX4,TUMOR_SUPPRESSOR,LOW,NON_HOTSPOT,false,MISSENSE,MISSENSE,p.Gly778Arg,c.2332G>C,778,null,false
SLX4 Asp661Tyr,SLX4,TUMOR_SUPPRESSOR,LOW,NON_HOTSPOT,false,MISSENSE,MISSENSE,p.Asp661Tyr,c.1981G>T,661,null,false
SLX4 Arg558Trp,SLX4,TUMOR_SUPPRESSOR,LOW,NON_HOTSPOT,true,MISSENSE,MISSENSE,p.Arg558Trp,c.1672C>T,558,null,false
SLX4 Arg486Cys,SLX4,TUMOR_SUPPRESSOR,LOW,NON_HOTSPOT,false,MISSENSE,MISSENSE,p.Arg486Cys,c.1456C>T,486,null,false
SLX4 Leu472Ser,SLX4,TUMOR_SUPPRESSOR,LOW,NON_HOTSPOT,false,MISSENSE,MISSENSE,p.Leu472Ser,c.1415T>C,472,null,false
SLX4 Gly141Arg,SLX4,TUMOR_SUPPRESSOR,LOW,NON_HOTSPOT,false,MISSENSE,MISSENSE,p.Gly141Arg,c.421G>C,141,null,false
SMAD3 Glu52Gln,SMAD3,TUMOR_SUPPRESSOR,MEDIUM,NON_HOTSPOT,false,MISSENSE,MISSENSE,p.Glu52Gln,c.154G>C,52,null,false
SMAD3 Ser275Phe,SMAD3,TUMOR_SUPPRESSOR,MEDIUM,NON_HOTSPOT,false,MISSENSE,MISSENSE,p.Ser275Phe,c.824C>T,275,null,false
SMAD3 Ser423Ile,SMAD3,TUMOR_SUPPRESSOR,HIGH,NON_HOTSPOT,true,MISSENSE,MISSENSE,p.Ser423Ile,c.1268G>T,423,null,false
SMAD3 Ser423Arg,SMAD3,TUMOR_SUPPRESSOR,HIGH,NON_HOTSPOT,false,MISSENSE,MISSENSE,p.Ser423Arg,c.1269T>G,423,null,false
SMAD3 Ter426Tyrext*?,SMAD3,TUMOR_SUPPRESSOR,HIGH,NON_HOTSPOT,false,STOP_LOST,NONSENSE_OR_FRAMESHIFT,p.Ter426Tyrext*?,c.1278G>C,426,null,false
SMAD4 Ile74fs,SMAD4,TUMOR_SUPPRESSOR,HIGH,NON_HOTSPOT,true,FRAMESHIFT,NONSENSE_OR_FRAMESHIFT,p.Ile74fs,c.221_224delTACA,73,null,false
SMAD4 His132Tyr,SMAD4,TUMOR_SUPPRESSOR,MEDIUM,NON_HOTSPOT,false,MISSENSE,MISSENSE,p.His132Tyr,c.394C>T,132,null,false
SMAD4 Phe339_Ser344del,SMAD4,TUMOR_SUPPRESSOR,HIGH,NON_HOTSPOT,true,INFRAME_DELETION,MISSENSE,p.Phe339_Ser344del,c.1016_1033delTTAAGGTTCCTTCAAGCT,338,null,false
SMAD4 Arg361His,SMAD4,TUMOR_SUPPRESSOR,HIGH,HOTSPOT,false,MISSENSE,MISSENSE,p.Arg361His,c.1082G>A,361,null,false
SMAD4 Gly386Asp,SMAD4,TUMOR_SUPPRESSOR,HIGH,HOTSPOT,false,MISSENSE,MISSENSE,p.Gly386Asp,c.1157G>A,386,null,false
SMAD4 Ser411fs,SMAD4,TUMOR_SUPPRESSOR,HIGH,NON_HOTSPOT,false,FRAMESHIFT,NONSENSE_OR_FRAMESHIFT,p.Ser411fs,c.1231_1232delAG,410,null,false
SMAD4 Tyr430fs,SMAD4,TUMOR_SUPPRESSOR,MEDIUM,NON_HOTSPOT,false,FRAMESHIFT,NONSENSE_OR_FRAMESHIFT,p.Tyr430fs,c.1288delT,429,null,false
SMAD4 ?,SMAD4,TUMOR_SUPPRESSOR,HIGH,NON_HOTSPOT,false,SPLICE_DONOR|INTRONIC,SPLICE,p.?,c.1447+1G>A,483,null,false
SMAD4 Asp512fs,SMAD4,TUMOR_SUPPRESSOR,HIGH,NON_HOTSPOT,true,FRAMESHIFT,NONSENSE_OR_FRAMESHIFT,p.Asp512fs,c.1533_1540delGGATTACC,510,null,false
SMAD4 Asp537Gly,SMAD4,TUMOR_SUPPRESSOR,HIGH,HOTSPOT,true,MISSENSE,MISSENSE,p.Asp537Gly,c.1610A>G,537,null,false
SMARCA4 Arg1243Trp,SMARCA4,TUMOR_SUPPRESSOR,MEDIUM,NON_HOTSPOT,false,MISSENSE,MISSENSE,p.Arg1243Trp,c.3727C>T,1243,null,false
SMARCA4 ?,SMARCA4,TUMOR_SUPPRESSOR,MEDIUM,NON_HOTSPOT,false,SPLICE_DONOR|INTRONIC,SPLICE,p.?,c.3873+3_3873+19delGAGAGGGGTAGTTCAGT,1291,null,false
SMARCA4 Glu1565Lys,SMARCA4,TUMOR_SUPPRESSOR,MEDIUM,NON_HOTSPOT,false,MISSENSE,MISSENSE,p.Glu1565Lys,c.4693G>A,1565,null,false
SMARCB1 Val185Met,SMARCB1,TUMOR_SUPPRESSOR,MEDIUM,NON_HOTSPOT,false,MISSENSE,MISSENSE,p.Val185Met,c.553G>A,185,null,false
SMC1A Phe792Ser,SMC1A,TUMOR_SUPPRESSOR,LOW,NON_HOTSPOT,true,MISSENSE,MISSENSE,p.Phe792Ser,c.2375T>C,792,null,false
SMO Ser33Arg,SMO,ONCOGENIC,MEDIUM,NON_HOTSPOT,false,MISSENSE,MISSENSE,p.Ser33Arg,c.99C>A,33,null,false
SMO Tyr350Cys,SMO,ONCOGENIC,MEDIUM,NON_HOTSPOT,false,MISSENSE,MISSENSE,p.Tyr350Cys,c.1049A>G,350,null,false
SMO Tyr350Cys,SMO,ONCOGENIC,LOW,NON_HOTSPOT,true,MISSENSE,MISSENSE,p.Tyr350Cys,c.1049A>G,350,null,false
SMO Pro641Ala,SMO,ONCOGENIC,HIGH,HOTSPOT,false,MISSENSE,MISSENSE,p.Pro641Ala,c.1921C>G,641,null,false
SNCAIP Ile57Thr,SNCAIP,TUMOR_SUPPRESSOR,HIGH,NON_HOTSPOT,true,MISSENSE,MISSENSE,p.Ile57Thr,c.170T>C,57,null,false
SNCAIP Glu110Val,SNCAIP,TUMOR_SUPPRESSOR,MEDIUM,NON_HOTSPOT,false,MISSENSE,MISSENSE,p.Glu110Val,c.329A>T,110,null,false
SNCAIP Pro276Arg,SNCAIP,TUMOR_SUPPRESSOR,LOW,NON_HOTSPOT,false,MISSENSE,MISSENSE,p.Pro276Arg,c.827C>G,276,null,false
SOX10 Ala361Val,SOX10,TUMOR_SUPPRESSOR,MEDIUM,NON_HOTSPOT,false,MISSENSE,MISSENSE,p.Ala361Val,c.1082C>T,361,null,false
SOX10 Gly349Ser,SOX10,TUMOR_SUPPRESSOR,MEDIUM,NON_HOTSPOT,false,MISSENSE,MISSENSE,p.Gly349Ser,c.1045G>A,349,null,false
SOX17 Pro212Ser,SOX17,TUMOR_SUPPRESSOR,MEDIUM,NON_HOTSPOT,true,MISSENSE,MISSENSE,p.Pro212Ser,c.634C>T,212,null,false
SOX2 Val202Met,SOX2,ONCOGENIC,LOW,NON_HOTSPOT,true,MISSENSE,MISSENSE,p.Val202Met,c.604G>A,202,null,false
SOX9 Thr399fs,SOX9,TUMOR_SUPPRESSOR,MEDIUM,NON_HOTSPOT,false,FRAMESHIFT,NONSENSE_OR_FRAMESHIFT,p.Thr399fs,c.1196dupA,398,null,false
SPEN Thr177Ser,SPEN,TUMOR_SUPPRESSOR,LOW,NON_HOTSPOT,true,MISSENSE,MISSENSE,p.Thr177Ser,c.530C>G,177,null,false
SPEN Ala492Gly,SPEN,TUMOR_SUPPRESSOR,LOW,NON_HOTSPOT,false,MISSENSE,MISSENSE,p.Ala492Gly,c.1475C>G,492,null,false
SPEN Arg616Lys,SPEN,TUMOR_SUPPRESSOR,LOW,NON_HOTSPOT,false,MISSENSE,MISSENSE,p.Arg616Lys,c.1847G>A,616,null,false
SPEN Pro1693fs,SPEN,TUMOR_SUPPRESSOR,HIGH,NON_HOTSPOT,false,FRAMESHIFT,NONSENSE_OR_FRAMESHIFT,p.Pro1693fs,c.5078delC,1692,null,false
SPEN Leu2165Ser,SPEN,TUMOR_SUPPRESSOR,LOW,NON_HOTSPOT,false,MISSENSE,MISSENSE,p.Leu2165Ser,c.6494T>C,2165,null,false
SPEN Arg2327Trp,SPEN,TUMOR_SUPPRESSOR,LOW,NON_HOTSPOT,true,MISSENSE,MISSENSE,p.Arg2327Trp,c.6979C>T,2327,null,false
SPEN Ser2400*,SPEN,TUMOR_SUPPRESSOR,LOW,NON_HOTSPOT,false,STOP_GAINED|FRAMESHIFT,NONSENSE_OR_FRAMESHIFT,p.Ser2400*,c.7197_7198delTT,2399,null,false
SPEN Ala2643Val,SPEN,TUMOR_SUPPRESSOR,LOW,NON_HOTSPOT,true,MISSENSE,MISSENSE,p.Ala2643Val,c.7928C>T,2643,null,false
SPEN Ala3363Thr,SPEN,TUMOR_SUPPRESSOR,LOW,NON_HOTSPOT,false,MISSENSE,MISSENSE,p.Ala3363Thr,c.10087G>A,3363,null,false
SPOP Asn301Lys,SPOP,ONCOGENIC,HIGH,NON_HOTSPOT,false,MISSENSE,MISSENSE,p.Asn301Lys,c.903C>A,301,null,false
SPOP Phe133Leu,SPOP,ONCOGENIC,HIGH,HOTSPOT,false,MISSENSE,MISSENSE,p.Phe133Leu,c.397T>C,133,null,false
SPOP Trp131Cys,SPOP,ONCOGENIC,HIGH,HOTSPOT,false,MISSENSE,MISSENSE,p.Trp131Cys,c.393G>T,131,null,false
SPOP Phe125Cys,SPOP,ONCOGENIC,HIGH,NON_HOTSPOT,false,MISSENSE,MISSENSE,p.Phe125Cys,c.374T>G,125,null,false
SPOP Phe102Cys,SPOP,ONCOGENIC,HIGH,HOTSPOT,false,MISSENSE,MISSENSE,p.Phe102Cys,c.305T>G,102,null,false
SPOP Phe102Ser,SPOP,ONCOGENIC,MEDIUM,NEAR_HOTSPOT,false,MISSENSE,MISSENSE,p.Phe102Ser,c.305T>C,102,null,false
SPOP Tyr87Cys,SPOP,ONCOGENIC,HIGH,HOTSPOT,false,MISSENSE,MISSENSE,p.Tyr87Cys,c.260A>G,87,null,false
SPTA1 Arg2211His,SPTA1,TUMOR_SUPPRESSOR,MEDIUM,NON_HOTSPOT,false,MISSENSE,MISSENSE,p.Arg2211His,c.6632G>A,2211,null,false
SPTA1 Trp2058*,SPTA1,TUMOR_SUPPRESSOR,LOW,NON_HOTSPOT,false,STOP_GAINED,NONSENSE_OR_FRAMESHIFT,p.Trp2058*,c.6173G>A,2058,null,false
SPTA1 Gln1855*,SPTA1,TUMOR_SUPPRESSOR,LOW,NON_HOTSPOT,false,STOP_GAINED,NONSENSE_OR_FRAMESHIFT,p.Gln1855*,c.5563C>T,1855,null,false
SPTA1 Leu1646Phe,SPTA1,TUMOR_SUPPRESSOR,MEDIUM,NON_HOTSPOT,false,MISSENSE,MISSENSE,p.Leu1646Phe,c.4936C>T,1646,null,false
SPTA1 Glu1470Lys,SPTA1,TUMOR_SUPPRESSOR,MEDIUM,NON_HOTSPOT,true,MISSENSE,MISSENSE,p.Glu1470Lys,c.4408G>A,1470,null,false
SPTA1 Ala1298Thr,SPTA1,TUMOR_SUPPRESSOR,MEDIUM,NON_HOTSPOT,true,MISSENSE,MISSENSE,p.Ala1298Thr,c.3892G>A,1298,null,false
SPTA1 Ala1103Ser,SPTA1,TUMOR_SUPPRESSOR,MEDIUM,NON_HOTSPOT,false,MISSENSE,MISSENSE,p.Ala1103Ser,c.3307G>T,1103,null,false
SPTA1 Glu145Gln,SPTA1,TUMOR_SUPPRESSOR,LOW,NON_HOTSPOT,false,MISSENSE,MISSENSE,p.Glu145Gln,c.433G>C,145,null,false
SRC Ser192Thr,SRC,ONCOGENIC,LOW,NON_HOTSPOT,false,MISSENSE,MISSENSE,p.Ser192Thr,c.574T>A,192,null,false
SRSF2 Arg205Gln,SRSF2,ONCOGENIC,LOW,NON_HOTSPOT,true,MISSENSE,MISSENSE,p.Arg205Gln,c.614G>A,205,null,false
STAG1 Ile914Leu,STAG1,TUMOR_SUPPRESSOR,MEDIUM,NON_HOTSPOT,false,MISSENSE,MISSENSE,p.Ile914Leu,c.2740A>C,914,null,false
STAG2 Thr395fs,STAG2,TUMOR_SUPPRESSOR,MEDIUM,NON_HOTSPOT,false,FRAMESHIFT,NONSENSE_OR_FRAMESHIFT,p.Thr395fs,c.1183_1186delACTC,393,null,false
STAT4 Ser617Asn,STAT4,TUMOR_SUPPRESSOR,MEDIUM,NON_HOTSPOT,false,MISSENSE,MISSENSE,p.Ser617Asn,c.1850G>A,617,null,false
STAT4 ?,STAT4,TUMOR_SUPPRESSOR,MEDIUM,NON_HOTSPOT,false,SPLICE_DONOR|INTRONIC,SPLICE,p.?,c.1620+1G>A,540,null,false
STAT4 Pro488Ser,STAT4,TUMOR_SUPPRESSOR,MEDIUM,NON_HOTSPOT,false,MISSENSE,MISSENSE,p.Pro488Ser,c.1462C>T,488,null,false
STAT4 Arg240Trp,STAT4,TUMOR_SUPPRESSOR,LOW,NON_HOTSPOT,false,MISSENSE,MISSENSE,p.Arg240Trp,c.718C>T,240,null,false
STAT4 Glu66Lys,STAT4,TUMOR_SUPPRESSOR,LOW,NON_HOTSPOT,false,MISSENSE,MISSENSE,p.Glu66Lys,c.196G>A,66,null,false
STAT5A Gly784Ser,STAT5A,TUMOR_SUPPRESSOR,MEDIUM,NON_HOTSPOT,true,MISSENSE,MISSENSE,p.Gly784Ser,c.2350G>A,784,null,false
STAT5B Asp99Ala,STAT5B,TUMOR_SUPPRESSOR,LOW,NON_HOTSPOT,false,MISSENSE,MISSENSE,p.Asp99Ala,c.296A>C,99,null,false
STK11 Pro6Ser,STK11,TUMOR_SUPPRESSOR,HIGH,NON_HOTSPOT,true,MISSENSE,MISSENSE,p.Pro6Ser,c.16C>T,6,null,false
STK11 Glu57fs,STK11,TUMOR_SUPPRESSOR,HIGH,NON_HOTSPOT,true,FRAMESHIFT,NONSENSE_OR_FRAMESHIFT,p.Glu57fs,c.170dupG,55,null,false
STK11 Glu120Lys,STK11,TUMOR_SUPPRESSOR,MEDIUM,NON_HOTSPOT,false,MISSENSE,MISSENSE,p.Glu120Lys,c.358G>A,120,null,false
STK11 Leu184Pro,STK11,TUMOR_SUPPRESSOR,HIGH,NON_HOTSPOT,true,MISSENSE,MISSENSE,p.Leu184Pro,c.551T>C,184,null,false
STK11 Phe354Leu,STK11,TUMOR_SUPPRESSOR,HIGH,HOTSPOT,true,MISSENSE,MISSENSE,p.Phe354Leu,c.1062C>G,354,null,false
STK40 Gly26Glu,STK40,TUMOR_SUPPRESSOR,LOW,NON_HOTSPOT,true,MISSENSE,MISSENSE,p.Gly26Glu,c.77G>A,26,null,false
SUFU Arg331Gln,SUFU,TUMOR_SUPPRESSOR,MEDIUM,NON_HOTSPOT,false,MISSENSE,MISSENSE,p.Arg331Gln,c.992G>A,331,null,false
SUZ12 Ala36Thr,SUZ12,TUMOR_SUPPRESSOR,MEDIUM,NON_HOTSPOT,false,MISSENSE,MISSENSE,p.Ala36Thr,c.106G>A,36,null,false
SUZ12 Asp275Glu,SUZ12,TUMOR_SUPPRESSOR,HIGH,NON_HOTSPOT,true,MISSENSE,MISSENSE,p.Asp275Glu,c.825T>A,275,null,false
SUZ12 Thr399Ser,SUZ12,TUMOR_SUPPRESSOR,MEDIUM,NON_HOTSPOT,false,MISSENSE,MISSENSE,p.Thr399Ser,c.1195A>T,399,null,false
SYK Ala412Thr,SYK,ONCOGENIC,MEDIUM,NON_HOTSPOT,false,MISSENSE,MISSENSE,p.Ala412Thr,c.1234G>A,412,null,false
SYK Val613Met,SYK,ONCOGENIC,LOW,NON_HOTSPOT,false,MISSENSE,MISSENSE,p.Val613Met,c.1837G>A,613,null,false
TAF1 Met156Ile,TAF1,TUMOR_SUPPRESSOR,LOW,NON_HOTSPOT,false,MISSENSE,MISSENSE,p.Met156Ile,c.468G>A,156,null,false
TAF1 Gly365Trp,TAF1,TUMOR_SUPPRESSOR,MEDIUM,NON_HOTSPOT,true,MISSENSE,MISSENSE,p.Gly365Trp,c.1093G>T,365,null,false
TAF1 Arg875His,TAF1,TUMOR_SUPPRESSOR,LOW,NON_HOTSPOT,false,MISSENSE,MISSENSE,p.Arg875His,c.2624G>A,875,null,false
TAF1 Glu1636Gln,TAF1,TUMOR_SUPPRESSOR,LOW,NON_HOTSPOT,false,MISSENSE,MISSENSE,p.Glu1636Gln,c.4906G>C,1636,null,false
TBX3 Ala478Gly,TBX3,TUMOR_SUPPRESSOR,MEDIUM,NON_HOTSPOT,false,MISSENSE,MISSENSE,p.Ala478Gly,c.1433C>G,478,null,false
TBX3 ?,TBX3,TUMOR_SUPPRESSOR,MEDIUM,NON_HOTSPOT,false,SPLICE_DONOR|INTRONIC,SPLICE,p.?,c.1099+1_1099+2dupGT,367,null,false
TBX3 Leu292fs,TBX3,TUMOR_SUPPRESSOR,HIGH,NON_HOTSPOT,false,FRAMESHIFT,NONSENSE_OR_FRAMESHIFT,p.Leu292fs,c.875dupT,292,null,false
TBX3 Ala158Val,TBX3,TUMOR_SUPPRESSOR,MEDIUM,NON_HOTSPOT,false,MISSENSE,MISSENSE,p.Ala158Val,c.473C>T,158,null,false
TCF7L2 Ser74Thr,TCF7L2,TUMOR_SUPPRESSOR,LOW,NON_HOTSPOT,false,MISSENSE,MISSENSE,p.Ser74Thr,c.221G>C,74,null,false
TCF7L2 His278Tyr,TCF7L2,TUMOR_SUPPRESSOR,LOW,NON_HOTSPOT,false,MISSENSE,MISSENSE,p.His278Tyr,c.832C>T,278,null,false
TCF7L2 Ala543Asp,TCF7L2,TUMOR_SUPPRESSOR,MEDIUM,NON_HOTSPOT,false,MISSENSE,MISSENSE,p.Ala543Asp,c.1628C>A,543,null,false
TCF7L2 His583Arg,TCF7L2,TUMOR_SUPPRESSOR,MEDIUM,NON_HOTSPOT,false,MISSENSE,MISSENSE,p.His583Arg,c.1748A>G,583,null,false
TET1 Leu471*,TET1,TUMOR_SUPPRESSOR,LOW,NON_HOTSPOT,false,STOP_GAINED,NONSENSE_OR_FRAMESHIFT,p.Leu471*,c.1412T>A,471,null,false
TET1 Lys795Arg,TET1,TUMOR_SUPPRESSOR,LOW,NON_HOTSPOT,false,MISSENSE,MISSENSE,p.Lys795Arg,c.2384A>G,795,null,false
TET1 Pro1259Arg,TET1,TUMOR_SUPPRESSOR,LOW,NON_HOTSPOT,false,MISSENSE,MISSENSE,p.Pro1259Arg,c.3776C>G,1259,null,false
TET2 Leu446*,TET2,TUMOR_SUPPRESSOR,HIGH,NON_HOTSPOT,false,STOP_GAINED,NONSENSE_OR_FRAMESHIFT,p.Leu446*,c.1337T>G,446,null,false
TET2 Ser460Phe,TET2,TUMOR_SUPPRESSOR,LOW,NON_HOTSPOT,true,MISSENSE,MISSENSE,p.Ser460Phe,c.1379C>T,460,null,false
TET2 Ser521Cys,TET2,TUMOR_SUPPRESSOR,LOW,NON_HOTSPOT,false,MISSENSE,MISSENSE,p.Ser521Cys,c.1561A>T,521,null,false
TET2 His682Asn,TET2,TUMOR_SUPPRESSOR,LOW,NON_HOTSPOT,true,MISSENSE,MISSENSE,p.His682Asn,c.2044C>A,682,null,false
TET2 Glu1215Gln,TET2,TUMOR_SUPPRESSOR,LOW,NON_HOTSPOT,false,MISSENSE,MISSENSE,p.Glu1215Gln,c.3643G>C,1215,null,false
TET2 Val1417Ala,TET2,TUMOR_SUPPRESSOR,HIGH,NON_HOTSPOT,true,MISSENSE,MISSENSE,p.Val1417Ala,c.4250T>C,1417,null,false
TET2 Arg1572Gln,TET2,TUMOR_SUPPRESSOR,LOW,NON_HOTSPOT,false,MISSENSE,MISSENSE,p.Arg1572Gln,c.4715G>A,1572,null,false
TET2 Asn1581Asp,TET2,TUMOR_SUPPRESSOR,LOW,NON_HOTSPOT,false,MISSENSE,MISSENSE,p.Asn1581Asp,c.4741A>G,1581,null,false
TET2 Tyr1631*,TET2,TUMOR_SUPPRESSOR,MEDIUM,NON_HOTSPOT,false,STOP_GAINED,NONSENSE_OR_FRAMESHIFT,p.Tyr1631*,c.4893T>A,1631,null,false
TET2 Ile1873Thr,TET2,TUMOR_SUPPRESSOR,LOW,NON_HOTSPOT,false,MISSENSE,MISSENSE,p.Ile1873Thr,c.5618T>C,1873,null,false
TGFBR1 Ala18_Ala21del,TGFBR1,TUMOR_SUPPRESSOR,MEDIUM,NON_HOTSPOT,false,INFRAME_DELETION,MISSENSE,p.Ala18_Ala21del,c.63_74delGGCGGCGGCGGC,17,null,false
TGFBR1 Phe37fs,TGFBR1,TUMOR_SUPPRESSOR,HIGH,NON_HOTSPOT,true,FRAMESHIFT,NONSENSE_OR_FRAMESHIFT,p.Phe37fs,c.109delT,36,null,false
TGFBR1 Asp266Tyr,TGFBR1,TUMOR_SUPPRESSOR,MEDIUM,NON_HOTSPOT,false,MISSENSE,MISSENSE,p.Asp266Tyr,c.796G>T,266,null,false
TGFBR2 Trp17*,TGFBR2,TUMOR_SUPPRESSOR,HIGH,NON_HOTSPOT,true,STOP_GAINED,NONSENSE_OR_FRAMESHIFT,p.Trp17*,c.50G>A,17,null,false
TGFBR2 Ile189Thr,TGFBR2,TUMOR_SUPPRESSOR,MEDIUM,NON_HOTSPOT,false,MISSENSE,MISSENSE,p.Ile189Thr,c.566T>C,189,null,false
TGFBR2 Arg373His,TGFBR2,TUMOR_SUPPRESSOR,HIGH,NON_HOTSPOT,true,MISSENSE,MISSENSE,p.Arg373His,c.1118G>A,373,null,false
TMEM127 His120Arg,TMEM127,TUMOR_SUPPRESSOR,MEDIUM,NON_HOTSPOT,false,MISSENSE,MISSENSE,p.His120Arg,c.359A>G,120,null,false
TMEM127 Cys100Arg,TMEM127,TUMOR_SUPPRESSOR,HIGH,NON_HOTSPOT,true,MISSENSE,MISSENSE,p.Cys100Arg,c.298T>C,100,null,false
TNFAIP3 Thr108Ala,TNFAIP3,TUMOR_SUPPRESSOR,HIGH,NON_HOTSPOT,true,MISSENSE,MISSENSE,p.Thr108Ala,c.322A>G,108,null,false
TNFAIP3 Ile207Leu,TNFAIP3,TUMOR_SUPPRESSOR,HIGH,NON_HOTSPOT,true,MISSENSE,MISSENSE,p.Ile207Leu,c.619A>C,207,null,false
TNFAIP3 Gln593Glu,TNFAIP3,TUMOR_SUPPRESSOR,HIGH,NON_HOTSPOT,true,MISSENSE,MISSENSE,p.Gln593Glu,c.1777C>G,593,null,false
TOP2A Asp1340Gly,TOP2A,ONCOGENIC,HIGH,NON_HOTSPOT,false,MISSENSE,MISSENSE,p.Asp1340Gly,c.4019A>G,1340,null,false
TOP2A Leu985Gln,TOP2A,ONCOGENIC,MEDIUM,NON_HOTSPOT,false,MISSENSE,MISSENSE,p.Leu985Gln,c.2954T>A,985,null,false
TOP2A Cys733Ser,TOP2A,ONCOGENIC,HIGH,NON_HOTSPOT,false,MISSENSE,MISSENSE,p.Cys733Ser,c.2198G>C,733,null,false
TP53 Gly374Cys,TP53,TUMOR_SUPPRESSOR,HIGH,NON_HOTSPOT,true,MISSENSE,MISSENSE,p.Gly374Cys,c.1120G>T,374,null,false
TP53 Arg337Pro,TP53,TUMOR_SUPPRESSOR,HIGH,HOTSPOT,true,MISSENSE,MISSENSE,p.Arg337Pro,c.1010G>C,337,null,false
TP53 Arg337Cys,TP53,TUMOR_SUPPRESSOR,HIGH,HOTSPOT,true,MISSENSE,MISSENSE,p.Arg337Cys,c.1009C>T,337,null,false
TP53 Ile332fs,TP53,TUMOR_SUPPRESSOR,HIGH,NEAR_HOTSPOT,true,FRAMESHIFT,NONSENSE_OR_FRAMESHIFT,p.Ile332fs,c.995delT,332,null,false
TP53 ?,TP53,TUMOR_SUPPRESSOR,HIGH,HOTSPOT,false,SPLICE_DONOR|MISSENSE,SPLICE,p.?,c.993G>T,331,null,false
TP53 Gln331*,TP53,TUMOR_SUPPRESSOR,HIGH,HOTSPOT,true,STOP_GAINED,NONSENSE_OR_FRAMESHIFT,p.Gln331*,c.991C>T,331,null,false
TP53 Pro316fs,TP53,TUMOR_SUPPRESSOR,HIGH,NEAR_HOTSPOT,true,FRAMESHIFT,NONSENSE_OR_FRAMESHIFT,p.Pro316fs,c.945_969delTCCCCAGCCAAAGAAGAAACCACTG,315,null,false
TP53 Lys321fs,TP53,TUMOR_SUPPRESSOR,HIGH,NON_HOTSPOT,false,FRAMESHIFT,NONSENSE_OR_FRAMESHIFT,p.Lys321fs,c.963delA,321,null,false
TP53 Ser315Phe,TP53,TUMOR_SUPPRESSOR,HIGH,NEAR_HOTSPOT,true,MISSENSE,MISSENSE,p.Ser315Phe,c.944C>T,315,null,false
TP53 Thr312Ser,TP53,TUMOR_SUPPRESSOR,HIGH,NON_HOTSPOT,false,MISSENSE,MISSENSE,p.Thr312Ser,c.935C>G,312,null,false
TP53 Glu285Lys,TP53,TUMOR_SUPPRESSOR,HIGH,HOTSPOT,false,MISSENSE,MISSENSE,p.Glu285Lys,c.853G>A,285,null,false
TP53 Arg283Cys,TP53,TUMOR_SUPPRESSOR,HIGH,NEAR_HOTSPOT,true,MISSENSE,MISSENSE,p.Arg283Cys,c.847C>T,283,null,false
TP53 Arg282Trp,TP53,TUMOR_SUPPRESSOR,HIGH,HOTSPOT,false,MISSENSE,MISSENSE,p.Arg282Trp,c.844C>T,282,null,false
TP53 Asp281Glu,TP53,TUMOR_SUPPRESSOR,HIGH,HOTSPOT,false,MISSENSE,MISSENSE,p.Asp281Glu,c.843C>G,281,null,false
TP53 Arg280Gly,TP53,TUMOR_SUPPRESSOR,HIGH,HOTSPOT,false,MISSENSE,MISSENSE,p.Arg280Gly,c.838A>G,280,null,false
TP53 Cys277Phe,TP53,TUMOR_SUPPRESSOR,HIGH,HOTSPOT,true,MISSENSE,MISSENSE,p.Cys277Phe,c.830G>T,277,null,false
TP53 Arg273His,TP53,TUMOR_SUPPRESSOR,HIGH,HOTSPOT,true,MISSENSE,MISSENSE,p.Arg273His,c.818G>A,273,null,false
TP53 Arg273His,TP53,TUMOR_SUPPRESSOR,HIGH,HOTSPOT,false,MISSENSE,MISSENSE,p.Arg273His,c.818G>A,273,null,false
TP53 Val272Met,TP53,TUMOR_SUPPRESSOR,HIGH,HOTSPOT,true,MISSENSE,MISSENSE,p.Val272Met,c.814G>A,272,null,false
TP53 Phe270Cys,TP53,TUMOR_SUPPRESSOR,HIGH,HOTSPOT,true,MISSENSE,MISSENSE,p.Phe270Cys,c.809T>G,270,null,false
TP53 ?,TP53,TUMOR_SUPPRESSOR,MEDIUM,NEAR_HOTSPOT,false,SPLICE_DONOR|INTRONIC,SPLICE,p.?,c.782+1G>C,261,null,false
TP53 ?,TP53,TUMOR_SUPPRESSOR,HIGH,NEAR_HOTSPOT,false,SPLICE_DONOR|INTRONIC,SPLICE,p.?,c.782+1G>A,261,null,false
TP53 Glu258*,TP53,TUMOR_SUPPRESSOR,HIGH,HOTSPOT,false,STOP_GAINED,NONSENSE_OR_FRAMESHIFT,p.Glu258*,c.772G>T,258,null,false
TP53 Glu258Lys,TP53,TUMOR_SUPPRESSOR,HIGH,HOTSPOT,true,MISSENSE,MISSENSE,p.Glu258Lys,c.772G>A,258,null,false
TP53 Ile255Asn,TP53,TUMOR_SUPPRESSOR,HIGH,HOTSPOT,false,MISSENSE,MISSENSE,p.Ile255Asn,c.764_765delTCinsAT,255,null,false
TP53 Arg248Gln,TP53,TUMOR_SUPPRESSOR,HIGH,HOTSPOT,false,MISSENSE,MISSENSE,p.Arg248Gln,c.743G>A,248,null,false
TP53 Arg248Gln,TP53,TUMOR_SUPPRESSOR,HIGH,HOTSPOT,true,MISSENSE,MISSENSE,p.Arg248Gln,c.743G>A,248,null,false
TP53 Arg248Trp,TP53,TUMOR_SUPPRESSOR,HIGH,HOTSPOT,true,MISSENSE,MISSENSE,p.Arg248Trp,c.742C>T,248,null,false
TP53 Gly245Ser,TP53,TUMOR_SUPPRESSOR,HIGH,HOTSPOT,true,MISSENSE,MISSENSE,p.Gly245Ser,c.733G>A,245,null,false
TP53 Cys242Tyr,TP53,TUMOR_SUPPRESSOR,HIGH,HOTSPOT,true,MISSENSE,MISSENSE,p.Cys242Tyr,c.725G>A,242,null,false
TP53 Cys242fs,TP53,TUMOR_SUPPRESSOR,HIGH,HOTSPOT,false,FRAMESHIFT,NONSENSE_OR_FRAMESHIFT,p.Cys242fs,c.723delC,241,null,false
TP53 Asn239*,TP53,TUMOR_SUPPRESSOR,HIGH,NEAR_HOTSPOT,true,STOP_GAINED|FRAMESHIFT,NONSENSE_OR_FRAMESHIFT,p.Asn239*,c.714dupT,238,null,false
TP53 Cys238*,TP53,TUMOR_SUPPRESSOR,HIGH,NEAR_HOTSPOT,false,STOP_GAINED|FRAMESHIFT,NONSENSE_OR_FRAMESHIFT,p.Cys238*,c.713_714delGT,238,null,false
TP53 Cys238Tyr,TP53,TUMOR_SUPPRESSOR,HIGH,HOTSPOT,true,MISSENSE,MISSENSE,p.Cys238Tyr,c.713G>A,238,null,false
TP53 Met237Ile,TP53,TUMOR_SUPPRESSOR,HIGH,HOTSPOT,false,MISSENSE,MISSENSE,p.Met237Ile,c.711G>T,237,null,false
TP53 Tyr236Ser,TP53,TUMOR_SUPPRESSOR,HIGH,HOTSPOT,true,MISSENSE,MISSENSE,p.Tyr236Ser,c.707A>C,236,null,false
TP53 Tyr234Cys,TP53,TUMOR_SUPPRESSOR,HIGH,HOTSPOT,true,MISSENSE,MISSENSE,p.Tyr234Cys,c.701A>G,234,null,false
TP53 Tyr234His,TP53,TUMOR_SUPPRESSOR,HIGH,HOTSPOT,true,MISSENSE,MISSENSE,p.Tyr234His,c.700T>C,234,null,false
TP53 Tyr220Cys,TP53,TUMOR_SUPPRESSOR,HIGH,HOTSPOT,true,MISSENSE,MISSENSE,p.Tyr220Cys,c.659A>G,220,null,false
TP53 Arg213*,TP53,TUMOR_SUPPRESSOR,HIGH,HOTSPOT,true,STOP_GAINED,NONSENSE_OR_FRAMESHIFT,p.Arg213*,c.637C>T,213,null,false
TP53 Arg209fs,TP53,TUMOR_SUPPRESSOR,HIGH,HOTSPOT,true,FRAMESHIFT,NONSENSE_OR_FRAMESHIFT,p.Arg209fs,c.626_627delGA,209,null,false
TP53 Arg196*,TP53,TUMOR_SUPPRESSOR,HIGH,HOTSPOT,true,STOP_GAINED,NONSENSE_OR_FRAMESHIFT,p.Arg196*,c.586C>T,196,null,false
TP53 Ile195Thr,TP53,TUMOR_SUPPRESSOR,HIGH,HOTSPOT,true,MISSENSE,MISSENSE,p.Ile195Thr,c.584T>C,195,null,false
TP53 Ile195Thr,TP53,TUMOR_SUPPRESSOR,HIGH,HOTSPOT,false,MISSENSE,MISSENSE,p.Ile195Thr,c.584T>C,195,null,false
TP53 Leu194Arg,TP53,TUMOR_SUPPRESSOR,HIGH,HOTSPOT,false,MISSENSE,MISSENSE,p.Leu194Arg,c.581T>G,194,null,false
TP53 His193Leu,TP53,TUMOR_SUPPRESSOR,HIGH,HOTSPOT,true,MISSENSE,MISSENSE,p.His193Leu,c.578A>T,193,null,false
TP53 ?,TP53,TUMOR_SUPPRESSOR,HIGH,NEAR_HOTSPOT,true,SPLICE_DONOR|INTRONIC,SPLICE,p.?,c.559+1G>T,187,null,false
TP53 Cys182_Ser183insProHisHisGluArgCys,TP53,TUMOR_SUPPRESSOR,HIGH,NEAR_HOTSPOT,false,INFRAME_INSERTION,MISSENSE,p.Cys182_Ser183insProHisHisGluArgCys,c.529_546dupCCCCACCATGAGCGCTGC,182,null,false
TP53 His179_Glu180insGlyArgCysProHisHis,TP53,TUMOR_SUPPRESSOR,HIGH,NEAR_HOTSPOT,false,INFRAME_INSERTION,MISSENSE,p.His179_Glu180insGlyArgCysProHisHis,c.521_538dupGGCGCTGCCCCCACCATG,180,null,false
TP53 His179Arg,TP53,TUMOR_SUPPRESSOR,HIGH,HOTSPOT,true,MISSENSE,MISSENSE,p.His179Arg,c.536A>G,179,null,false
TP53 His179Tyr,TP53,TUMOR_SUPPRESSOR,HIGH,HOTSPOT,true,MISSENSE,MISSENSE,p.His179Tyr,c.535C>T,179,null,false
TP53 Arg175His,TP53,TUMOR_SUPPRESSOR,HIGH,HOTSPOT,true,MISSENSE,MISSENSE,p.Arg175His,c.524G>A,175,null,false
TP53 Arg158His,TP53,TUMOR_SUPPRESSOR,HIGH,HOTSPOT,false,MISSENSE,MISSENSE,p.Arg158His,c.473G>A,158,null,false
TP53 Val157Gly,TP53,TUMOR_SUPPRESSOR,HIGH,NEAR_HOTSPOT,false,MISSENSE,MISSENSE,p.Val157Gly,c.470T>G,157,null,false
TP53 Gly154Val,TP53,TUMOR_SUPPRESSOR,HIGH,NEAR_HOTSPOT,true,MISSENSE,MISSENSE,p.Gly154Val,c.461G>T,154,null,false
TP53 Pro153Leu,TP53,TUMOR_SUPPRESSOR,HIGH,NEAR_HOTSPOT,false,MISSENSE,MISSENSE,p.Pro153Leu,c.458C>T,153,null,false
TP53 Pro151Arg,TP53,TUMOR_SUPPRESSOR,HIGH,HOTSPOT,true,MISSENSE,MISSENSE,p.Pro151Arg,c.452C>G,151,null,false
TP53 Lys139fs,TP53,TUMOR_SUPPRESSOR,HIGH,NEAR_HOTSPOT,true,FRAMESHIFT,NONSENSE_OR_FRAMESHIFT,p.Lys139fs,c.417_423delGACCTGC,139,null,false
TP53 Cys141Tyr,TP53,TUMOR_SUPPRESSOR,HIGH,HOTSPOT,false,MISSENSE,MISSENSE,p.Cys141Tyr,c.422G>A,141,null,false
TP53 Cys135Tyr,TP53,TUMOR_SUPPRESSOR,HIGH,HOTSPOT,true,MISSENSE,MISSENSE,p.Cys135Tyr,c.404G>A,135,null,false
TP53 Phe134Leu,TP53,TUMOR_SUPPRESSOR,HIGH,NEAR_HOTSPOT,true,MISSENSE,MISSENSE,p.Phe134Leu,c.402T>A,134,null,false
TP53 Ser127Pro,TP53,TUMOR_SUPPRESSOR,HIGH,NEAR_HOTSPOT,true,MISSENSE,MISSENSE,p.Ser127Pro,c.379T>C,127,null,false
TP53 ?,TP53,TUMOR_SUPPRESSOR,HIGH,NEAR_HOTSPOT,true,SPLICE_ACCEPTOR|INTRONIC,SPLICE,p.?,c.376-2A>G,126,null,false
TP53 ?,TP53,TUMOR_SUPPRESSOR,HIGH,HOTSPOT,true,SPLICE_DONOR|SYNONYMOUS,SPLICE,p.?,c.375G>T,125,null,false
TP53 Cys124Arg,TP53,TUMOR_SUPPRESSOR,HIGH,NEAR_HOTSPOT,true,MISSENSE,MISSENSE,p.Cys124Arg,c.370T>C,124,null,false
TP53 Val122fs,TP53,TUMOR_SUPPRESSOR,HIGH,HOTSPOT,true,FRAMESHIFT,NONSENSE_OR_FRAMESHIFT,p.Val122fs,c.365_366delTG,122,null,false
TP53 Ser116Cys,TP53,TUMOR_SUPPRESSOR,HIGH,NON_HOTSPOT,false,MISSENSE,MISSENSE,p.Ser116Cys,c.347C>G,116,null,false
TP53 Phe113Cys,TP53,TUMOR_SUPPRESSOR,HIGH,NEAR_HOTSPOT,true,MISSENSE,MISSENSE,p.Phe113Cys,c.338T>G,113,null,false
TP53 Gly105Val,TP53,TUMOR_SUPPRESSOR,HIGH,NEAR_HOTSPOT,true,MISSENSE,MISSENSE,p.Gly105Val,c.314G>T,105,null,false
TP53 Gln104*,TP53,TUMOR_SUPPRESSOR,HIGH,HOTSPOT,false,STOP_GAINED,NONSENSE_OR_FRAMESHIFT,p.Gln104*,c.310C>T,104,null,false
TP53 Trp91*,TP53,TUMOR_SUPPRESSOR,HIGH,HOTSPOT,false,STOP_GAINED,NONSENSE_OR_FRAMESHIFT,p.Trp91*,c.273G>A,91,null,false
TP53 Ser90fs,TP53,TUMOR_SUPPRESSOR,HIGH,NEAR_HOTSPOT,true,FRAMESHIFT,NONSENSE_OR_FRAMESHIFT,p.Ser90fs,c.267dupC,89,null,false
TP53 Pro75fs,TP53,TUMOR_SUPPRESSOR,HIGH,HOTSPOT,true,FRAMESHIFT,NONSENSE_OR_FRAMESHIFT,p.Pro75fs,c.224delC,75,null,false
TP53 Trp53*,TP53,TUMOR_SUPPRESSOR,HIGH,NON_HOTSPOT,true,STOP_GAINED,NONSENSE_OR_FRAMESHIFT,p.Trp53*,c.159G>A,53,null,false
TP63 Gln64His,TP63,TUMOR_SUPPRESSOR,LOW,NON_HOTSPOT,false,MISSENSE,MISSENSE,p.Gln64His,c.192G>C,64,null,false
TRAF2 Ser160Thr,TRAF2,TUMOR_SUPPRESSOR,MEDIUM,NON_HOTSPOT,false,MISSENSE,MISSENSE,p.Ser160Thr,c.479G>C,160,null,false
TRAF2 Lys196Met,TRAF2,TUMOR_SUPPRESSOR,MEDIUM,NON_HOTSPOT,false,MISSENSE,MISSENSE,p.Lys196Met,c.587A>T,196,null,false
TRAF2 Arg217Ser,TRAF2,TUMOR_SUPPRESSOR,LOW,NON_HOTSPOT,false,MISSENSE,MISSENSE,p.Arg217Ser,c.651A>T,217,null,false
TRAF7 Asp87Asn,TRAF7,TUMOR_SUPPRESSOR,MEDIUM,NON_HOTSPOT,false,MISSENSE,MISSENSE,p.Asp87Asn,c.259G>A,87,null,false
TRAF7 Val602Met,TRAF7,TUMOR_SUPPRESSOR,MEDIUM,NON_HOTSPOT,false,MISSENSE,MISSENSE,p.Val602Met,c.1804G>A,602,null,false
TSC1 Glu636*,TSC1,TUMOR_SUPPRESSOR,LOW,NON_HOTSPOT,false,STOP_GAINED,NONSENSE_OR_FRAMESHIFT,p.Glu636*,c.1906G>T,636,null,false
TSC1 Cys559fs,TSC1,TUMOR_SUPPRESSOR,HIGH,NON_HOTSPOT,false,FRAMESHIFT,NONSENSE_OR_FRAMESHIFT,p.Cys559fs,c.1674delC,558,null,false
TSC1 Pro548_Asp556del,TSC1,TUMOR_SUPPRESSOR,HIGH,NON_HOTSPOT,false,INFRAME_DELETION,MISSENSE,p.Pro548_Asp556del,c.1643_1669delCAAAGCAAGCCTTTACTCCCATAGACC,548,null,false
TSC1 Val407Met,TSC1,TUMOR_SUPPRESSOR,MEDIUM,NON_HOTSPOT,false,MISSENSE,MISSENSE,p.Val407Met,c.1219G>A,407,null,false
TSC1 Val292Ile,TSC1,TUMOR_SUPPRESSOR,MEDIUM,NON_HOTSPOT,true,MISSENSE,MISSENSE,p.Val292Ile,c.874G>A,292,null,false
TSC2 Leu380Ile,TSC2,TUMOR_SUPPRESSOR,MEDIUM,NON_HOTSPOT,false,MISSENSE,MISSENSE,p.Leu380Ile,c.1138C>A,380,null,false
TSC2 Arg406Thr,TSC2,TUMOR_SUPPRESSOR,MEDIUM,NON_HOTSPOT,false,MISSENSE,MISSENSE,p.Arg406Thr,c.1217G>C,406,null,false
TSC2 Lys658Asn,TSC2,TUMOR_SUPPRESSOR,MEDIUM,NON_HOTSPOT,false,MISSENSE,MISSENSE,p.Lys658Asn,c.1974G>C,658,null,false
TSC2 Glu755del,TSC2,TUMOR_SUPPRESSOR,HIGH,NON_HOTSPOT,true,INFRAME_DELETION,MISSENSE,p.Glu755del,c.2264_2266delAAG,754,null,false
TSC2 Ser1096Thr,TSC2,TUMOR_SUPPRESSOR,HIGH,NON_HOTSPOT,true,MISSENSE,MISSENSE,p.Ser1096Thr,c.3286T>A,1096,null,false
TSC2 Asn1233Tyr,TSC2,TUMOR_SUPPRESSOR,MEDIUM,NON_HOTSPOT,false,MISSENSE,MISSENSE,p.Asn1233Tyr,c.3697A>T,1233,null,false
TSC2 Ala1323Val,TSC2,TUMOR_SUPPRESSOR,HIGH,NON_HOTSPOT,true,MISSENSE,MISSENSE,p.Ala1323Val,c.3968C>T,1323,null,false
TSC2 Asp1612Asn,TSC2,TUMOR_SUPPRESSOR,MEDIUM,NEAR_HOTSPOT,true,MISSENSE,MISSENSE,p.Asp1612Asn,c.4834G>A,1612,null,false
TSC2 Asp1612Asn,TSC2,TUMOR_SUPPRESSOR,HIGH,NEAR_HOTSPOT,true,MISSENSE,MISSENSE,p.Asp1612Asn,c.4834G>A,1612,null,false
TSC2 Arg1729His,TSC2,TUMOR_SUPPRESSOR,MEDIUM,NON_HOTSPOT,false,MISSENSE,MISSENSE,p.Arg1729His,c.5186G>A,1729,null,false
U2AF1 Ser34Phe,U2AF1,ONCOGENIC,HIGH,HOTSPOT,false,MISSENSE,MISSENSE,p.Ser34Phe,c.101C>T,34,null,false
VHL Glu17fs,VHL,TUMOR_SUPPRESSOR,HIGH,NON_HOTSPOT,false,FRAMESHIFT,NONSENSE_OR_FRAMESHIFT,p.Glu17fs,c.49delG,16,null,false
WT1 Arg462Gln,WT1,TUMOR_SUPPRESSOR,MEDIUM,NON_HOTSPOT,false,MISSENSE,MISSENSE,p.Arg462Gln,c.1385G>A,462,null,false
WT1 Arg363Ser,WT1,TUMOR_SUPPRESSOR,HIGH,NON_HOTSPOT,true,MISSENSE,MISSENSE,p.Arg363Ser,c.1089A>T,363,null,false
XIAP Asp367Gly,XIAP,TUMOR_SUPPRESSOR,HIGH,NON_HOTSPOT,true,MISSENSE,MISSENSE,p.Asp367Gly,c.1100A>G,367,null,false
XPO1 Glu571Lys,XPO1,ONCOGENIC,HIGH,HOTSPOT,false,MISSENSE,MISSENSE,p.Glu571Lys,c.1711G>A,571,null,false
XPO1 Asn303Ser,XPO1,ONCOGENIC,LOW,NON_HOTSPOT,false,MISSENSE,MISSENSE,p.Asn303Ser,c.908A>G,303,null,false
ZBTB2 Thr459Ser,ZBTB2,TUMOR_SUPPRESSOR,MEDIUM,NON_HOTSPOT,false,MISSENSE,MISSENSE,p.Thr459Ser,c.1375A>T,459,null,false
ZBTB2 Asn247Ser,ZBTB2,TUMOR_SUPPRESSOR,MEDIUM,NON_HOTSPOT,false,MISSENSE,MISSENSE,p.Asn247Ser,c.740A>G,247,null,false
ZBTB7A Glu545Lys,ZBTB7A,TUMOR_SUPPRESSOR,MEDIUM,NON_HOTSPOT,false,MISSENSE,MISSENSE,p.Glu545Lys,c.1633G>A,545,null,false
ZBTB7A Thr461Met,ZBTB7A,TUMOR_SUPPRESSOR,MEDIUM,NON_HOTSPOT,false,MISSENSE,MISSENSE,p.Thr461Met,c.1382C>T,461,null,false
ZBTB7A Ala190Pro,ZBTB7A,TUMOR_SUPPRESSOR,MEDIUM,NON_HOTSPOT,true,MISSENSE,MISSENSE,p.Ala190Pro,c.568G>C,190,null,false
ZBTB7A Leu32fs,ZBTB7A,TUMOR_SUPPRESSOR,HIGH,NON_HOTSPOT,true,FRAMESHIFT,NONSENSE_OR_FRAMESHIFT,p.Leu32fs,c.92dupG,31,null,false
ZFHX3 Gly3526_Gly3527del,ZFHX3,TUMOR_SUPPRESSOR,HIGH,NON_HOTSPOT,true,INFRAME_DELETION,MISSENSE,p.Gly3526_Gly3527del,c.10576_10581delGGCGGC,3525,null,false
ZFHX3 Gly3520_Gly3521insSer,ZFHX3,TUMOR_SUPPRESSOR,HIGH,NON_HOTSPOT,false,INFRAME_INSERTION,MISSENSE,p.Gly3520_Gly3521insSer,c.10560_10561insAGT,3520,null,false
ZFHX3 Lys3390_Gln3394del,ZFHX3,TUMOR_SUPPRESSOR,HIGH,NON_HOTSPOT,false,INFRAME_DELETION,MISSENSE,p.Lys3390_Gln3394del,c.10167_10181delAAAAGTGCAGCAGCA,3389,null,false
ZFHX3 Glu3242del,ZFHX3,TUMOR_SUPPRESSOR,HIGH,NON_HOTSPOT,true,INFRAME_DELETION,MISSENSE,p.Glu3242del,c.9724_9726delGAG,3241,null,false
ZFHX3 Ser2381Phe,ZFHX3,TUMOR_SUPPRESSOR,LOW,NON_HOTSPOT,false,MISSENSE,MISSENSE,p.Ser2381Phe,c.7142C>T,2381,null,false
ZFHX3 Phe1952Ser,ZFHX3,TUMOR_SUPPRESSOR,LOW,NON_HOTSPOT,false,MISSENSE,MISSENSE,p.Phe1952Ser,c.5855T>C,1952,null,false
ZFHX3 Lys1946Asn,ZFHX3,TUMOR_SUPPRESSOR,LOW,NON_HOTSPOT,false,MISSENSE,MISSENSE,p.Lys1946Asn,c.5838G>C,1946,null,false
ZFHX3 Ser1859Pro,ZFHX3,TUMOR_SUPPRESSOR,LOW,NON_HOTSPOT,false,MISSENSE,MISSENSE,p.Ser1859Pro,c.5575T>C,1859,null,false
ZFHX3 Arg1712Gln,ZFHX3,TUMOR_SUPPRESSOR,LOW,NON_HOTSPOT,true,MISSENSE,MISSENSE,p.Arg1712Gln,c.5135G>A,1712,null,false
ZFHX3 His1064Gln,ZFHX3,TUMOR_SUPPRESSOR,LOW,NON_HOTSPOT,false,MISSENSE,MISSENSE,p.His1064Gln,c.3192C>G,1064,null,false
ZFHX3 Ala884Thr,ZFHX3,TUMOR_SUPPRESSOR,LOW,NON_HOTSPOT,false,MISSENSE,MISSENSE,p.Ala884Thr,c.2650G>A,884,null,false
ZFHX3 Asp592Asn,ZFHX3,TUMOR_SUPPRESSOR,LOW,NON_HOTSPOT,false,MISSENSE,MISSENSE,p.Asp592Asn,c.1774G>A,592,null,false
ZFHX3 Asn344fs,ZFHX3,TUMOR_SUPPRESSOR,HIGH,NON_HOTSPOT,false,FRAMESHIFT,NONSENSE_OR_FRAMESHIFT,p.Asn344fs,c.1031delA,344,null,false
ZFHX3 Arg295Pro,ZFHX3,TUMOR_SUPPRESSOR,LOW,NON_HOTSPOT,true,MISSENSE,MISSENSE,p.Arg295Pro,c.884G>C,295,null,false
ZFHX3 Cys4Gly,ZFHX3,TUMOR_SUPPRESSOR,LOW,NON_HOTSPOT,false,MISSENSE,MISSENSE,p.Cys4Gly,c.10T>G,4,null,false
ZRSR2 Cys280Tyr,ZRSR2,TUMOR_SUPPRESSOR,LOW,NON_HOTSPOT,false,MISSENSE,MISSENSE,p.Cys280Tyr,c.839G>A,280,null,false
ZRSR2 Glu341Lys,ZRSR2,TUMOR_SUPPRESSOR,LOW,NON_HOTSPOT,true,MISSENSE,MISSENSE,p.Glu341Lys,c.1021G>A,341,null,false
